instance, objective, time
j3036_7.dzn.output, 212, 0.038,
j3021_4.dzn.output, 1403, -,
j309_1.dzn.output, 4227, -,
j3026_4.dzn.output, 78, 81.852,
j3031_7.dzn.output, 0, 0.038,
j3028_8.dzn.output, 0, 0.044,
j303_6.dzn.output, 141, 0.678,
j3016_1.dzn.output, 66, 727.242,
j3043_1.dzn.output, 0, 1.172,
j304_6.dzn.output, 4, 0.758,
j3011_1.dzn.output, 0, 0.063,
j3044_1.dzn.output, 0, 0.020,
j3033_4.dzn.output, 367, -,
j3024_7.dzn.output, 0, 0.029,
j3023_7.dzn.output, 104, 35.827,
j3034_4.dzn.output, 256, 0.383,
j3019_5.dzn.output, 52, 2.962,
j308_9.dzn.output, 0, 0.020,
j3013_2.dzn.output, 17096, -,
j3046_2.dzn.output, 1469, -,
j3042_9.dzn.output, 1541, -,
j306_5.dzn.output, 140, 3.905,
j3017_9.dzn.output, 799, 1.024,
j3014_2.dzn.output, 443, 1199.994,
j3041_2.dzn.output, 2154, -,
j3039_3.dzn.output, 364, 1.822,
j3045_9.dzn.output, 3397, -,
j3010_9.dzn.output, 590, -,
j301_5.dzn.output, 939, 2.873,
j3011_10.dzn.output, 0, 0.173,
j3038_6.dzn.output, 104, -,
j3040_7.dzn.output, 0, 0.169,
j3015_7.dzn.output, 29, 204.387,
j3028_5.dzn.output, 0, 0.332,
j3047_7.dzn.output, 0, 0.010,
j3012_7.dzn.output, 0, 0.025,
j304_10.dzn.output, 8, 3.051,
j3022_2.dzn.output, 381, 0.021,
j3028_10.dzn.output, 0, 0.021,
j3035_1.dzn.output, 125, 0.257,
j3026_9.dzn.output, 693, -,
j3032_1.dzn.output, 0, 0.045,
j3025_2.dzn.output, 1873, -,
j3021_9.dzn.output, 1115, -,
j305_3.dzn.output, 501, 562.368,
j3045_4.dzn.output, 6128, -,
j3010_4.dzn.output, 0, 1.615,
j301_8.dzn.output, 667, 1.845,
j302_3.dzn.output, 5, 1.469,
j3042_4.dzn.output, 404, -,
j306_8.dzn.output, 81, 2.450,
j3017_4.dzn.output, 1044, 46.033,
j3015_10.dzn.output, 0, 0.020,
j3034_9.dzn.output, 550, 4.960,
j3019_8.dzn.output, 100, 0.838,
j308_4.dzn.output, 182, 0.977,
j3027_1.dzn.output, 16, 240.487,
j3030_2.dzn.output, 18, 60.666,
j3048_3.dzn.output, 0, 0.009,
j3033_9.dzn.output, 222, 20.014,
j3037_2.dzn.output, 380, 49.677,
j3020_1.dzn.output, 59, 0.818,
j307_10.dzn.output, 448, 13.972,
j3035_4.dzn.output, 316, 2.816,
j3022_7.dzn.output, 95, 16.313,
j3018_5.dzn.output, 500, 0.281,
j309_9.dzn.output, 694, -,
j3025_7.dzn.output, 973, -,
j3032_4.dzn.output, 0, 0.027,
j3012_10.dzn.output, 0, 0.025,
j3011_9.dzn.output, 0, 0.020,
j3044_9.dzn.output, 0, 0.026,
j3040_2.dzn.output, 0, 0.039,
j3015_2.dzn.output, 0, 0.019,
j3038_3.dzn.output, 375, 138.951,
j307_5.dzn.output, 152, 1.128,
j3016_9.dzn.output, 0, 0.022,
j3043_9.dzn.output, 150, 416.013,
j3047_2.dzn.output, 0, 0.015,
j3012_2.dzn.output, 0, 0.023,
j3048_6.dzn.output, 0, 0.022,
j3016_10.dzn.output, 0, 0.022,
j3030_7.dzn.output, 248, 325.529,
j3027_4.dzn.output, 380, 184.876,
j308_1.dzn.output, 0, 0.027,
j3020_4.dzn.output, 0, 0.135,
j3037_7.dzn.output, 340, -,
j303_10.dzn.output, 29, 11.509,
j3045_1.dzn.output, 5058, -,
j3010_1.dzn.output, 0, 0.309,
j305_6.dzn.output, 156, 1174.486,
j3042_1.dzn.output, 104, 127.442,
j3017_1.dzn.output, 946, -,
j3038_10.dzn.output, 2, 18.556,
j3029_8.dzn.output, 5116, 1199.994,
j302_6.dzn.output, 105, 189.907,
j307_8.dzn.output, 95, 524.351,
j3016_4.dzn.output, 0, 0.014,
j3043_4.dzn.output, 525, -,
j303_3.dzn.output, 18, 0.852,
j3011_4.dzn.output, 25, 12.511,
j3044_4.dzn.output, 0, 0.036,
j304_3.dzn.output, 724, 0.280,
j3021_1.dzn.output, 2481, -,
j3036_2.dzn.output, 0, 0.020,
j3032_9.dzn.output, 0, 0.031,
j3031_2.dzn.output, 18, 37.204,
j3026_1.dzn.output, 730, -,
j3035_9.dzn.output, 0, 0.028,
j3018_8.dzn.output, 460, 0.751,
j309_4.dzn.output, 2404, -,
j3029_5.dzn.output, 11341, -,
j3013_7.dzn.output, 5605, -,
j3046_7.dzn.output, 471, 346.635,
j3039_6.dzn.output, 4, 1.527,
j3014_7.dzn.output, 0, 17.616,
j3041_7.dzn.output, 3797, -,
j3020_9.dzn.output, 0, 0.016,
j3048_10.dzn.output, 0, 0.016,
j3024_2.dzn.output, 111, 7.878,
j3033_1.dzn.output, 1098, 325.249,
j3027_9.dzn.output, 0, 0.262,
j3034_1.dzn.output, 385, 1.673,
j3023_2.dzn.output, 10, 1.175,
j3024_5.dzn.output, 0, 0.036,
j3033_6.dzn.output, 102, 65.693,
j3019_7.dzn.output, 6, 0.253,
j3034_6.dzn.output, 229, 2.757,
j3023_5.dzn.output, 0, 0.584,
j3029_2.dzn.output, 2088, 1200.010,
j306_7.dzn.output, 136, 163.312,
j3039_1.dzn.output, 322, 6.142,
j3042_10.dzn.output, 205, -,
j301_7.dzn.output, 519, -,
j3021_6.dzn.output, 528, 37.531,
j3036_5.dzn.output, 18, 0.063,
j309_3.dzn.output, 165, -,
j3031_5.dzn.output, 271, -,
j3026_6.dzn.output, 942, 238.742,
j3047_8.dzn.output, 29, 0.459,
j3012_8.dzn.output, 0, 0.026,
j303_4.dzn.output, 2277, 0.044,
j3046_10.dzn.output, 637, -,
j3016_3.dzn.output, 0, 0.012,
j3043_3.dzn.output, 0, 0.854,
j3040_8.dzn.output, 294, 22.411,
j304_4.dzn.output, 0, 0.025,
j3015_8.dzn.output, 0, 0.028,
j3038_9.dzn.output, 0, 0.583,
j3011_3.dzn.output, 0, 0.036,
j3044_3.dzn.output, 0, 0.018,
j305_1.dzn.output, 844, 292.163,
j309_10.dzn.output, 1588, -,
j3045_6.dzn.output, 6175, 1199.994,
j3010_6.dzn.output, 9, 23.506,
j302_1.dzn.output, 198, 13.322,
j3042_6.dzn.output, 0, 2.972,
j3017_6.dzn.output, 1209, 31.629,
j308_6.dzn.output, 0, 0.025,
j3023_8.dzn.output, 0, 0.186,
j3032_10.dzn.output, 0, 0.034,
j3048_1.dzn.output, 0, 0.022,
j3027_3.dzn.output, 3, 0.230,
j3024_8.dzn.output, 0, 0.018,
j3025_10.dzn.output, 864, -,
j3020_3.dzn.output, 100, 0.452,
j3040_5.dzn.output, 0, 0.025,
j3018_10.dzn.output, 127, 5.764,
j304_9.dzn.output, 0, 0.013,
j3015_5.dzn.output, 0, 0.420,
j3038_4.dzn.output, 268, 0.037,
j3047_5.dzn.output, 0, 0.562,
j3012_5.dzn.output, 0, 0.021,
j303_9.dzn.output, 2, 31.557,
j3028_7.dzn.output, 0, 0.015,
j307_2.dzn.output, 29, 1.836,
j3035_3.dzn.output, 0, 0.031,
j3018_2.dzn.output, 481, 0.501,
j3021_10.dzn.output, 999, -,
j3031_8.dzn.output, 0, 0.032,
j3032_3.dzn.output, 353, 40.829,
j3036_8.dzn.output, 312, 4.831,
j3036_10.dzn.output, 933, 613.023,
j3027_6.dzn.output, 293, -,
j3030_5.dzn.output, 175, 168.769,
j3048_4.dzn.output, 0, 0.021,
j308_3.dzn.output, 0, 0.044,
j3037_5.dzn.output, 716, 167.423,
j3020_6.dzn.output, 870, 0.096,
j3045_3.dzn.output, 3136, -,
j3010_3.dzn.output, 0, 0.033,
j3026_10.dzn.output, 75, 33.112,
j305_4.dzn.output, 752, -,
j3014_8.dzn.output, 102, 588.144,
j3041_8.dzn.output, 3685, 1199.977,
j3039_9.dzn.output, 0, 0.295,
j3042_3.dzn.output, 58, 194.747,
j3017_3.dzn.output, 1259, 17.982,
j3013_8.dzn.output, 8677, 1199.964,
j302_4.dzn.output, 4, 0.593,
j3046_8.dzn.output, 31, 67.661,
j3031_10.dzn.output, 0, 1.112,
j3018_7.dzn.output, 113, 79.734,
j3022_5.dzn.output, 101, -,
j3035_6.dzn.output, 199, 0.625,
j3032_6.dzn.output, 0, 0.021,
j3025_5.dzn.output, 4601, -,
j3035_10.dzn.output, 52, 8.970,
j3038_1.dzn.output, 108, 217.933,
j307_7.dzn.output, 200, 0.035,
j3022_10.dzn.output, 58, 3.620,
j3028_2.dzn.output, 0, 0.026,
j306_2.dzn.output, 347, 11.232,
j3013_5.dzn.output, 3570, 1199.992,
j302_9.dzn.output, 193, 30.186,
j3046_5.dzn.output, 775, 215.949,
j3029_7.dzn.output, 1043, -,
j301_2.dzn.output, 176, 9.204,
j305_9.dzn.output, 493, -,
j3014_5.dzn.output, 0, 0.364,
j3041_5.dzn.output, 10865, 1199.971,
j3039_4.dzn.output, 85, 8.418,
j3037_8.dzn.output, 3299, -,
j3041_10.dzn.output, 3671, -,
j3033_3.dzn.output, 1470, 540.914,
j3030_8.dzn.output, 760, 777.302,
j3048_9.dzn.output, 0, 0.069,
j3034_3.dzn.output, 423, 33.293,
j3019_2.dzn.output, 5, 0.253,
j3016_6.dzn.output, 0, 0.022,
j3043_6.dzn.output, 8, 242.573,
j303_1.dzn.output, 0, 0.190,
j3011_6.dzn.output, 0, 0.332,
j3044_6.dzn.output, 0, 0.030,
j304_1.dzn.output, 12, 0.015,
j3021_3.dzn.output, 2245, 1200.009,
j3025_8.dzn.output, 7540, -,
j3026_3.dzn.output, 0, 0.616,
j3045_10.dzn.output, 4086, -,
j309_6.dzn.output, 0, 3.318,
j3022_8.dzn.output, 62, 0.424,
j3044_8.dzn.output, 0, 0.028,
j3011_8.dzn.output, 108, 20.190,
j3015_3.dzn.output, 227, -,
j3040_3.dzn.output, 0, 0.020,
j3023_10.dzn.output, 0, 0.129,
j3038_2.dzn.output, 0, 0.020,
j3043_8.dzn.output, 105, 246.856,
j307_4.dzn.output, 0, 4.121,
j3016_8.dzn.output, 0, 0.022,
j3034_10.dzn.output, 70, 0.090,
j3012_3.dzn.output, 0, 0.018,
j3047_3.dzn.output, 0, 0.895,
j3028_1.dzn.output, 12, 16.726,
j3022_6.dzn.output, 0, 0.460,
j3035_5.dzn.output, 0, 0.025,
j3018_4.dzn.output, 300, 1.290,
j309_8.dzn.output, 1505, -,
j3032_5.dzn.output, 0, 0.022,
j3025_6.dzn.output, 938, -,
j305_7.dzn.output, 1129, -,
j3030_10.dzn.output, 0, 2.209,
j3027_10.dzn.output, 0, 0.779,
j3029_9.dzn.output, 7619, -,
j302_7.dzn.output, 324, 2.922,
j3048_7.dzn.output, 0, 0.029,
j3027_5.dzn.output, 0, 0.030,
j3030_6.dzn.output, 455, -,
j3037_6.dzn.output, 1583, -,
j3020_5.dzn.output, 541, 3.818,
j3036_3.dzn.output, 400, 0.042,
j3032_8.dzn.output, 0, 0.016,
j3044_10.dzn.output, 0, 0.021,
j3031_3.dzn.output, 0, 0.508,
j3035_8.dzn.output, 875, 2.857,
j3018_9.dzn.output, 874, 342.355,
j309_5.dzn.output, 2209, -,
j3043_5.dzn.output, 692, -,
j307_9.dzn.output, 0, 0.287,
j3016_5.dzn.output, 0, 0.011,
j303_2.dzn.output, 419, 0.764,
j3044_5.dzn.output, 0, 0.055,
j3011_5.dzn.output, 357, 112.640,
j304_2.dzn.output, 75, 0.300,
j3020_8.dzn.output, 0, 0.022,
j3024_3.dzn.output, 110, 121.762,
j3040_10.dzn.output, 0, 0.024,
j3027_8.dzn.output, 0, 1.409,
j3019_1.dzn.output, 0, 0.016,
j3023_3.dzn.output, 827, 16.961,
j306_1.dzn.output, 342, 15.302,
j3029_4.dzn.output, 2615, 1199.983,
j3046_6.dzn.output, 1139, -,
j3013_6.dzn.output, 3731, -,
j301_1.dzn.output, 141, 0.330,
j3039_7.dzn.output, 25, 0.471,
j3041_6.dzn.output, 1814, -,
j3014_6.dzn.output, 0, 0.435,
j3028_9.dzn.output, 0, 0.060,
j303_7.dzn.output, 0, 0.023,
j3047_10.dzn.output, 0, 0.871,
j304_7.dzn.output, 0, 0.088,
j3021_5.dzn.output, 261, 91.067,
j3036_6.dzn.output, 971, 7.773,
j3031_6.dzn.output, 0, 0.213,
j3026_5.dzn.output, 831, 465.812,
j3046_3.dzn.output, 780, 1200.030,
j3013_3.dzn.output, 6379, 1199.999,
j3029_1.dzn.output, 2738, -,
j306_4.dzn.output, 118, 7.792,
j3017_8.dzn.output, 370, -,
j3042_8.dzn.output, 895, -,
j3043_10.dzn.output, 90, 470.752,
j3041_3.dzn.output, 4101, -,
j3014_3.dzn.output, 370, -,
j3039_2.dzn.output, 0, 0.302,
j3010_8.dzn.output, 0, 3.268,
j301_4.dzn.output, 918, 507.906,
j3045_8.dzn.output, 4721, -,
j3024_6.dzn.output, 0, 0.018,
j3033_5.dzn.output, 197, 14.315,
j3034_5.dzn.output, 520, 429.873,
j3023_6.dzn.output, 0, 0.018,
j3019_4.dzn.output, 24, 0.635,
j308_8.dzn.output, 0, 0.022,
j3018_1.dzn.output, 109, 0.403,
j3022_3.dzn.output, 55, 841.422,
j3026_8.dzn.output, 511, 46.461,
j3037_10.dzn.output, 273, -,
j3020_10.dzn.output, 100, 0.146,
j3025_3.dzn.output, 2199, -,
j3021_8.dzn.output, 940, -,
j3038_7.dzn.output, 71, 65.427,
j3015_6.dzn.output, 0, 0.050,
j3040_6.dzn.output, 0, 0.043,
j3028_4.dzn.output, 0, 0.027,
j3019_10.dzn.output, 26, -,
j3012_6.dzn.output, 0, 0.229,
j3047_6.dzn.output, 0, 1.540,
j307_1.dzn.output, 9, 6.710,
j3034_8.dzn.output, 1000, 0.044,
j3019_9.dzn.output, 190, 0.183,
j308_5.dzn.output, 0, 0.029,
j3030_3.dzn.output, 548, -,
j3048_2.dzn.output, 0, 0.027,
j3024_10.dzn.output, 0, 0.021,
j3033_8.dzn.output, 547, -,
j3033_10.dzn.output, 340, 54.380,
j3037_3.dzn.output, 2075, -,
j305_2.dzn.output, 580, -,
j3010_5.dzn.output, 32, 135.088,
j301_9.dzn.output, 583, 4.423,
j3045_5.dzn.output, 6078, -,
j308_10.dzn.output, 0, 0.042,
j302_2.dzn.output, 431, 58.035,
j306_9.dzn.output, 798, -,
j3017_5.dzn.output, 431, 7.621,
j3042_5.dzn.output, 0, 0.273,
j3010_2.dzn.output, 12, 6.089,
j3045_2.dzn.output, 8265, 1199.932,
j3041_9.dzn.output, 2411, -,
j305_5.dzn.output, 452, -,
j3014_9.dzn.output, 361, 1200.005,
j3039_10.dzn.output, 2, 23.389,
j3039_8.dzn.output, 0, 3.795,
j3017_2.dzn.output, 1425, 568.279,
j3042_2.dzn.output, 152, 212.892,
j3046_9.dzn.output, 226, 1199.985,
j3013_9.dzn.output, 2694, -,
j302_5.dzn.output, 125, 0.019,
j3030_4.dzn.output, 0, 0.992,
j3027_7.dzn.output, 4, 3.405,
j3048_5.dzn.output, 0, 0.030,
j308_2.dzn.output, 0, 0.017,
j302_10.dzn.output, 12, 0.808,
j3020_7.dzn.output, 12, 0.079,
j3037_4.dzn.output, 970, -,
j3017_10.dzn.output, 1113, 5.817,
j3015_1.dzn.output, 232, -,
j3040_1.dzn.output, 36, 4.574,
j307_6.dzn.output, 196, 1.819,
j3028_3.dzn.output, 0, 0.024,
j3012_1.dzn.output, 0, 0.294,
j3047_1.dzn.output, 0, 1.100,
j3013_10.dzn.output, 2185, 1199.993,
j3018_6.dzn.output, 305, 0.773,
j3035_7.dzn.output, 2, 0.488,
j3022_4.dzn.output, 0, 0.018,
j306_10.dzn.output, 44, 0.147,
j3025_4.dzn.output, 3427, -,
j3032_7.dzn.output, 0, 0.016,
j3037_9.dzn.output, 574, -,
j3024_1.dzn.output, 0, 0.236,
j3033_2.dzn.output, 1872, 78.090,
j3030_9.dzn.output, 0, 0.054,
j3048_8.dzn.output, 0, 0.023,
j3034_2.dzn.output, 203, 1.692,
j3023_1.dzn.output, 50, 0.265,
j3019_3.dzn.output, 927, 333.162,
j306_3.dzn.output, 0, 0.028,
j3046_4.dzn.output, 416, 1200.007,
j3013_4.dzn.output, 5737, -,
j302_8.dzn.output, 1079, 313.546,
j3029_6.dzn.output, 3193, -,
j301_3.dzn.output, 782, 7.873,
j3041_4.dzn.output, 3603, -,
j305_8.dzn.output, 1554, -,
j3014_4.dzn.output, 753, -,
j3039_5.dzn.output, 366, 0.603,
j3021_2.dzn.output, 613, 26.516,
j3036_1.dzn.output, 750, 22.032,
j3025_9.dzn.output, 3601, 1199.967,
j3031_1.dzn.output, 0, 0.055,
j3026_2.dzn.output, 0, 0.032,
j309_7.dzn.output, 501, -,
j3022_9.dzn.output, 525, 3.603,
j3043_7.dzn.output, 0, 0.021,
j3016_7.dzn.output, 0, 0.017,
j3044_7.dzn.output, 0, 0.018,
j3011_7.dzn.output, 0, 0.017,
j3029_3.dzn.output, 5263, -,
j3046_1.dzn.output, 1077, 1200.008,
j3013_1.dzn.output, 5660, -,
j306_6.dzn.output, 0, 17.193,
j3041_1.dzn.output, 1667, 1200.008,
j3014_1.dzn.output, 359, -,
j301_6.dzn.output, 809, 40.454,
j3033_7.dzn.output, 1417, 4.935,
j3024_4.dzn.output, 0, 0.025,
j3019_6.dzn.output, 2, 0.057,
j3023_4.dzn.output, 574, 147.507,
j3034_7.dzn.output, 450, 1.102,
j3012_9.dzn.output, 0, 0.021,
j303_5.dzn.output, 277, 0.366,
j3047_9.dzn.output, 0, 0.327,
j3043_2.dzn.output, 0, 0.025,
j3016_2.dzn.output, 0, 0.037,
j304_5.dzn.output, 253, 2.683,
j3015_9.dzn.output, 52, 698.366,
j3040_9.dzn.output, 0, 0.021,
j3038_8.dzn.output, 137, 37.613,
j3044_2.dzn.output, 0, 0.020,
j3011_2.dzn.output, 74, 17.152,
j3036_4.dzn.output, 0, 0.022,
j3021_7.dzn.output, 342, -,
j309_2.dzn.output, 1942, 1199.972,
j3026_7.dzn.output, 250, 77.330,
j3031_4.dzn.output, 0, 0.029,
j308_7.dzn.output, 0, 0.018,
j3023_9.dzn.output, 0, 2.447,
j3027_2.dzn.output, 0, 0.023,
j3030_1.dzn.output, 474, -,
j3024_9.dzn.output, 0, 0.019,
j3037_1.dzn.output, 312, 145.889,
j3020_2.dzn.output, 324, 4.770,
j3014_10.dzn.output, 1073, -,
j3010_7.dzn.output, 40, 2.016,
j3045_7.dzn.output, 8269, 1200.037,
j301_10.dzn.output, 554, 4.679,
j3017_7.dzn.output, 1118, 71.407,
j3042_7.dzn.output, 0, 0.528,
j3022_1.dzn.output, 27, 72.634,
j3035_2.dzn.output, 153, 0.237,
j3018_3.dzn.output, 174, 0.307,
j3031_9.dzn.output, 0, 0.830,
j3029_10.dzn.output, 1727, -,
j3032_2.dzn.output, 0, 0.032,
j3025_1.dzn.output, 1614, -,
j3036_9.dzn.output, 42, 0.231,
j304_8.dzn.output, 0, 0.034,
j3015_4.dzn.output, 0, 0.020,
j3040_4.dzn.output, 0, 0.368,
j3038_5.dzn.output, 33, 3.685,
j305_10.dzn.output, 2237, -,
j3012_4.dzn.output, 0, 0.211,
j303_8.dzn.output, 0, 0.106,
j3047_4.dzn.output, 271, 10.562,
j3010_10.dzn.output, 75, 0.392,
j3028_6.dzn.output, 0, 0.023,
j307_3.dzn.output, 375, 1.664,
