instance, objective, time
j3036_7.dzn.output, 548, 55.094,
j3021_4.dzn.output, 27532, -,
j309_1.dzn.output, 38858, -,
j3026_4.dzn.output, 3131, -,
j3031_7.dzn.output, 0, 2.912,
j3028_8.dzn.output, 0, 5.877,
j303_6.dzn.output, 157, 6.920,
j3016_1.dzn.output, 132, 203.765,
j3043_1.dzn.output, 0, 6.536,
j304_6.dzn.output, 16, 7.618,
j3011_1.dzn.output, 0, 3.016,
j3044_1.dzn.output, 0, 1.116,
j3033_4.dzn.output, 1167, -,
j3024_7.dzn.output, 0, 4.143,
j3023_7.dzn.output, 196, -,
j3034_4.dzn.output, 384, 417.548,
j3019_5.dzn.output, 184, 39.355,
j308_9.dzn.output, 0, 2.205,
j3013_2.dzn.output, 25404, -,
j3046_2.dzn.output, 30562, -,
j3042_9.dzn.output, 15428, -,
j306_5.dzn.output, 524, 161.092,
j3017_9.dzn.output, 2347, 69.139,
j3014_2.dzn.output, 17614, -,
j3041_2.dzn.output, 11508, -,
j3039_3.dzn.output, 728, 114.465,
j3045_9.dzn.output, 24772, -,
j3010_9.dzn.output, 15045, -,
j301_5.dzn.output, 1601, 44.407,
j3011_10.dzn.output, 0, 3.319,
j3038_6.dzn.output, 228, -,
j3040_7.dzn.output, 0, 2.318,
j3015_7.dzn.output, 53, 322.638,
j3028_5.dzn.output, 0, 4.403,
j3047_7.dzn.output, 0, 0.572,
j3012_7.dzn.output, 0, 1.977,
j304_10.dzn.output, 32, 39.794,
j3022_2.dzn.output, 1143, 2.766,
j3028_10.dzn.output, 0, 2.467,
j3035_1.dzn.output, 125, 4.496,
j3026_9.dzn.output, 10017, -,
j3032_1.dzn.output, 0, 1.376,
j3025_2.dzn.output, 15692, -,
j3021_9.dzn.output, 15061, -,
j305_3.dzn.output, 14399, -,
j3045_4.dzn.output, 60730, -,
j3010_4.dzn.output, 0, 5.893,
j301_8.dzn.output, 1337, 42.810,
j302_3.dzn.output, 5, 5.388,
j3042_4.dzn.output, 8014, -,
j306_8.dzn.output, 87, 236.935,
j3017_4.dzn.output, 2762, 326.069,
j3015_10.dzn.output, 0, 1.532,
j3034_9.dzn.output, 1829, 144.658,
j3019_8.dzn.output, 400, 45.601,
j308_4.dzn.output, 308, 144.267,
j3027_1.dzn.output, 32, 130.818,
j3030_2.dzn.output, 199, -,
j3048_3.dzn.output, 0, 0.552,
j3033_9.dzn.output, 534, 403.818,
j3037_2.dzn.output, 1295, -,
j3020_1.dzn.output, 169, 6.904,
j307_10.dzn.output, 1244, 64.199,
j3035_4.dzn.output, 932, 20.918,
j3022_7.dzn.output, 117, 220.915,
j3018_5.dzn.output, 2000, 1.794,
j309_9.dzn.output, 7158, -,
j3025_7.dzn.output, 32233, -,
j3032_4.dzn.output, 0, 2.249,
j3012_10.dzn.output, 0, 1.421,
j3011_9.dzn.output, 0, 3.039,
j3044_9.dzn.output, 0, 2.938,
j3040_2.dzn.output, 0, 4.771,
j3015_2.dzn.output, 0, 1.433,
j3038_3.dzn.output, 3887, -,
j307_5.dzn.output, 152, 6.765,
j3016_9.dzn.output, 0, 1.654,
j3043_9.dzn.output, 300, 808.390,
j3047_2.dzn.output, 0, 0.901,
j3012_2.dzn.output, 0, 1.475,
j3048_6.dzn.output, 0, 3.240,
j3016_10.dzn.output, 0, 1.146,
j3030_7.dzn.output, 1387, -,
j3027_4.dzn.output, 3739, -,
j308_1.dzn.output, 0, 1.812,
j3020_4.dzn.output, 0, 0.974,
j3037_7.dzn.output, 16663, -,
j303_10.dzn.output, 79, 143.967,
j3045_1.dzn.output, 45610, -,
j3010_1.dzn.output, 0, 3.482,
j305_6.dzn.output, 7274, -,
j3042_1.dzn.output, 1203, -,
j3017_1.dzn.output, 4536, -,
j3038_10.dzn.output, 4, 25.568,
j3029_8.dzn.output, 31085, -,
j302_6.dzn.output, 205, 478.231,
j307_8.dzn.output, 539, -,
j3016_4.dzn.output, 0, 2.368,
j3043_4.dzn.output, 4210, -,
j303_3.dzn.output, 36, 33.842,
j3011_4.dzn.output, 25, 445.300,
j3044_4.dzn.output, 0, 3.914,
j304_3.dzn.output, 2896, 35.504,
j3021_1.dzn.output, 12824, -,
j3036_2.dzn.output, 0, 1.074,
j3032_9.dzn.output, 0, 4.566,
j3031_2.dzn.output, 54, 810.040,
j3026_1.dzn.output, 6563, -,
j3035_9.dzn.output, 0, 1.243,
j3018_8.dzn.output, 1370, 11.959,
j309_4.dzn.output, 15975, -,
j3029_5.dzn.output, 56440, -,
j3013_7.dzn.output, 14248, -,
j3046_7.dzn.output, 8208, -,
j3039_6.dzn.output, 4, 17.189,
j3014_7.dzn.output, 0, 2.812,
j3041_7.dzn.output, 26798, -,
j3020_9.dzn.output, 0, 0.529,
j3048_10.dzn.output, 0, 1.295,
j3024_2.dzn.output, 221, 34.579,
j3033_1.dzn.output, 7037, -,
j3027_9.dzn.output, 0, 3.967,
j3034_1.dzn.output, 799, 54.114,
j3023_2.dzn.output, 20, 162.505,
j3024_5.dzn.output, 0, 2.906,
j3033_6.dzn.output, 15338, -,
j3019_7.dzn.output, 6, 6.776,
j3034_6.dzn.output, 231, 32.946,
j3023_5.dzn.output, 0, 3.533,
j3029_2.dzn.output, 28014, -,
j306_7.dzn.output, 913, -,
j3039_1.dzn.output, 967, 860.336,
j3042_10.dzn.output, 624, -,
j301_7.dzn.output, 11223, -,
j3021_6.dzn.output, 856, 654.252,
j3036_5.dzn.output, 66, 38.667,
j309_3.dzn.output, 6322, -,
j3031_5.dzn.output, 4858, -,
j3026_6.dzn.output, 11579, -,
j3047_8.dzn.output, 29, 1.348,
j3012_8.dzn.output, 0, 1.249,
j303_4.dzn.output, 7731, 5.171,
j3046_10.dzn.output, 11322, -,
j3016_3.dzn.output, 0, 1.174,
j3043_3.dzn.output, 0, 1.535,
j3040_8.dzn.output, 1158, 41.949,
j304_4.dzn.output, 0, 1.143,
j3015_8.dzn.output, 0, 2.160,
j3038_9.dzn.output, 0, 15.397,
j3011_3.dzn.output, 0, 3.595,
j3044_3.dzn.output, 0, 3.803,
j305_1.dzn.output, 2898, -,
j309_10.dzn.output, 20056, -,
j3045_6.dzn.output, 32212, -,
j3010_6.dzn.output, 9, 574.871,
j302_1.dzn.output, 564, 348.964,
j3042_6.dzn.output, 0, 3.851,
j3017_6.dzn.output, 2837, 522.373,
j308_6.dzn.output, 0, 4.665,
j3023_8.dzn.output, 0, 2.730,
j3032_10.dzn.output, 0, 2.103,
j3048_1.dzn.output, 0, 1.881,
j3027_3.dzn.output, 3, 1.550,
j3024_8.dzn.output, 0, 1.941,
j3025_10.dzn.output, 5730, -,
j3020_3.dzn.output, 175, 56.699,
j3040_5.dzn.output, 0, 1.658,
j3018_10.dzn.output, 311, 76.412,
j304_9.dzn.output, 0, 1.088,
j3015_5.dzn.output, 0, 3.274,
j3038_4.dzn.output, 1061, 2.372,
j3047_5.dzn.output, 0, 3.357,
j3012_5.dzn.output, 0, 2.158,
j303_9.dzn.output, 2, 2.893,
j3028_7.dzn.output, 0, 1.191,
j307_2.dzn.output, 79, 44.958,
j3035_3.dzn.output, 0, 2.495,
j3018_2.dzn.output, 985, 34.886,
j3021_10.dzn.output, 3955, -,
j3031_8.dzn.output, 0, 1.951,
j3032_3.dzn.output, 1217, 550.427,
j3036_8.dzn.output, 1024, 20.304,
j3036_10.dzn.output, 3087, 236.244,
j3027_6.dzn.output, 2313, -,
j3030_5.dzn.output, 2377, -,
j3048_4.dzn.output, 0, 0.979,
j308_3.dzn.output, 0, 1.777,
j3037_5.dzn.output, 3961, -,
j3020_6.dzn.output, 3010, 18.428,
j3045_3.dzn.output, 19157, -,
j3010_3.dzn.output, 0, 2.364,
j3026_10.dzn.output, 7014, -,
j305_4.dzn.output, 9366, -,
j3014_8.dzn.output, 2106, -,
j3041_8.dzn.output, 47034, -,
j3039_9.dzn.output, 0, 1.981,
j3042_3.dzn.output, 150, 81.468,
j3017_3.dzn.output, 3983, 168.811,
j3013_8.dzn.output, 15137, -,
j302_4.dzn.output, 16, 9.768,
j3046_8.dzn.output, 31, 71.851,
j3031_10.dzn.output, 0, 3.527,
j3018_7.dzn.output, 221, 17.682,
j3022_5.dzn.output, 926, -,
j3035_6.dzn.output, 403, 8.797,
j3032_6.dzn.output, 0, 1.210,
j3025_5.dzn.output, 22718, -,
j3035_10.dzn.output, 94, 15.696,
j3038_1.dzn.output, 216, 18.635,
j307_7.dzn.output, 800, 3.288,
j3022_10.dzn.output, 116, 165.287,
j3028_2.dzn.output, 0, 2.179,
j306_2.dzn.output, 787, 644.932,
j3013_5.dzn.output, 48526, -,
j302_9.dzn.output, 605, 263.842,
j3046_5.dzn.output, 1900, -,
j3029_7.dzn.output, 6127, -,
j301_2.dzn.output, 508, 134.753,
j305_9.dzn.output, 5818, -,
j3014_5.dzn.output, 0, 3.075,
j3041_5.dzn.output, 148842, -,
j3039_4.dzn.output, 85, 120.079,
j3037_8.dzn.output, 22952, -,
j3041_10.dzn.output, 27779, -,
j3033_3.dzn.output, 3536, -,
j3030_8.dzn.output, 2285, -,
j3048_9.dzn.output, 0, 1.799,
j3034_3.dzn.output, 1409, 126.134,
j3019_2.dzn.output, 5, 3.150,
j3016_6.dzn.output, 0, 1.136,
j3043_6.dzn.output, 8, 91.877,
j303_1.dzn.output, 0, 2.147,
j3011_6.dzn.output, 0, 2.124,
j3044_6.dzn.output, 0, 1.856,
j304_1.dzn.output, 48, 0.693,
j3021_3.dzn.output, 9636, -,
j3025_8.dzn.output, 70004, -,
j3026_3.dzn.output, 0, 7.896,
j3045_10.dzn.output, 16765, -,
j309_6.dzn.output, 0, 52.015,
j3022_8.dzn.output, 62, 26.574,
j3044_8.dzn.output, 0, 3.731,
j3011_8.dzn.output, 2877, -,
j3015_3.dzn.output, 8545, -,
j3040_3.dzn.output, 0, 3.323,
j3023_10.dzn.output, 0, 2.382,
j3038_2.dzn.output, 0, 1.461,
j3043_8.dzn.output, 209, 258.128,
j307_4.dzn.output, 0, 47.658,
j3016_8.dzn.output, 0, 1.509,
j3034_10.dzn.output, 208, 4.434,
j3012_3.dzn.output, 0, 2.350,
j3047_3.dzn.output, 0, 1.278,
j3028_1.dzn.output, 12, 44.950,
j3022_6.dzn.output, 0, 18.078,
j3035_5.dzn.output, 0, 2.604,
j3018_4.dzn.output, 300, 77.607,
j309_8.dzn.output, 15124, -,
j3032_5.dzn.output, 0, 1.991,
j3025_6.dzn.output, 12442, -,
j305_7.dzn.output, 15507, -,
j3030_10.dzn.output, 0, 3.033,
j3027_10.dzn.output, 0, 2.314,
j3029_9.dzn.output, 37398, -,
j302_7.dzn.output, 810, 65.231,
j3048_7.dzn.output, 0, 1.515,
j3027_5.dzn.output, 0, 6.540,
j3030_6.dzn.output, 16445, -,
j3037_6.dzn.output, 9010, -,
j3020_5.dzn.output, 1477, 49.393,
j3036_3.dzn.output, 800, 2.560,
j3032_8.dzn.output, 0, 1.216,
j3044_10.dzn.output, 0, 3.734,
j3031_3.dzn.output, 0, 2.506,
j3035_8.dzn.output, 2375, 177.590,
j3018_9.dzn.output, 2498, -,
j309_5.dzn.output, 11706, -,
j3043_5.dzn.output, 11811, -,
j307_9.dzn.output, 0, 4.080,
j3016_5.dzn.output, 0, 1.716,
j303_2.dzn.output, 829, 11.760,
j3044_5.dzn.output, 0, 5.685,
j3011_5.dzn.output, 2516, -,
j304_2.dzn.output, 75, 12.211,
j3020_8.dzn.output, 0, 1.528,
j3024_3.dzn.output, 373, -,
j3040_10.dzn.output, 0, 3.483,
j3027_8.dzn.output, 0, 2.822,
j3019_1.dzn.output, 0, 1.061,
j3023_3.dzn.output, 6047, -,
j306_1.dzn.output, 826, 505.314,
j3029_4.dzn.output, 13509, -,
j3046_6.dzn.output, 18994, -,
j3013_6.dzn.output, 52222, -,
j301_1.dzn.output, 197, 9.497,
j3039_7.dzn.output, 25, 254.585,
j3041_6.dzn.output, 14194, -,
j3014_6.dzn.output, 0, 2.944,
j3028_9.dzn.output, 0, 4.508,
j303_7.dzn.output, 0, 1.378,
j3047_10.dzn.output, 0, 3.422,
j304_7.dzn.output, 0, 2.501,
j3021_5.dzn.output, 1423, -,
j3036_6.dzn.output, 3413, 663.271,
j3031_6.dzn.output, 0, 7.709,
j3026_5.dzn.output, 5747, -,
j3046_3.dzn.output, 9254, -,
j3013_3.dzn.output, 75536, -,
j3029_1.dzn.output, 26340, -,
j306_4.dzn.output, 460, 40.003,
j3017_8.dzn.output, 1407, -,
j3042_8.dzn.output, 11574, -,
j3043_10.dzn.output, 264, 743.586,
j3041_3.dzn.output, 21193, -,
j3014_3.dzn.output, 4086, -,
j3039_2.dzn.output, 0, 4.972,
j3010_8.dzn.output, 0, 2.634,
j301_4.dzn.output, 6880, -,
j3045_8.dzn.output, 22182, -,
j3024_6.dzn.output, 0, 4.290,
j3033_5.dzn.output, 585, 26.904,
j3034_5.dzn.output, 1544, 457.148,
j3023_6.dzn.output, 0, 2.576,
j3019_4.dzn.output, 42, 8.498,
j308_8.dzn.output, 0, 2.546,
j3018_1.dzn.output, 409, 3.386,
j3022_3.dzn.output, 105, -,
j3026_8.dzn.output, 4430, -,
j3037_10.dzn.output, 1203, -,
j3020_10.dzn.output, 100, 9.624,
j3025_3.dzn.output, 38014, -,
j3021_8.dzn.output, 10876, -,
j3038_7.dzn.output, 1298, -,
j3015_6.dzn.output, 0, 2.874,
j3040_6.dzn.output, 0, 1.441,
j3028_4.dzn.output, 0, 2.131,
j3019_10.dzn.output, 44, -,
j3012_6.dzn.output, 0, 1.179,
j3047_6.dzn.output, 0, 20.402,
j307_1.dzn.output, 9, 86.488,
j3034_8.dzn.output, 4000, 2.556,
j3019_9.dzn.output, 380, 14.358,
j308_5.dzn.output, 0, 4.428,
j3030_3.dzn.output, 9247, -,
j3048_2.dzn.output, 0, 1.226,
j3024_10.dzn.output, 0, 3.357,
j3033_8.dzn.output, 1194, -,
j3033_10.dzn.output, 1004, 5.227,
j3037_3.dzn.output, 26036, -,
j305_2.dzn.output, 2826, -,
j3010_5.dzn.output, 32, 7.179,
j301_9.dzn.output, 1557, 129.994,
j3045_5.dzn.output, 49639, -,
j308_10.dzn.output, 0, 5.672,
j302_2.dzn.output, 831, 39.679,
j306_9.dzn.output, 2554, -,
j3017_5.dzn.output, 741, 329.638,
j3042_5.dzn.output, 0, 5.797,
j3010_2.dzn.output, 48, -,
j3045_2.dzn.output, 47540, -,
j3041_9.dzn.output, 19443, -,
j305_5.dzn.output, 9576, -,
j3014_9.dzn.output, 5796, -,
j3039_10.dzn.output, 2, 23.961,
j3039_8.dzn.output, 0, 4.865,
j3017_2.dzn.output, 4749, 436.398,
j3042_2.dzn.output, 318, 1074.065,
j3046_9.dzn.output, 1993, -,
j3013_9.dzn.output, 18826, -,
j302_5.dzn.output, 125, 0.759,
j3030_4.dzn.output, 0, 1.245,
j3027_7.dzn.output, 4, 132.982,
j3048_5.dzn.output, 0, 2.046,
j308_2.dzn.output, 0, 2.382,
j302_10.dzn.output, 24, 18.136,
j3020_7.dzn.output, 48, 15.166,
j3037_4.dzn.output, 9273, -,
j3017_10.dzn.output, 2217, 292.991,
j3015_1.dzn.output, 3956, -,
j3040_1.dzn.output, 120, 416.989,
j307_6.dzn.output, 292, 149.940,
j3028_3.dzn.output, 0, 2.795,
j3012_1.dzn.output, 0, 9.399,
j3047_1.dzn.output, 0, 3.430,
j3013_10.dzn.output, 26374, -,
j3018_6.dzn.output, 905, 13.076,
j3035_7.dzn.output, 2, 5.760,
j3022_4.dzn.output, 0, 2.078,
j306_10.dzn.output, 44, 2.077,
j3025_4.dzn.output, 11688, -,
j3032_7.dzn.output, 0, 1.442,
j3037_9.dzn.output, 10355, -,
j3024_1.dzn.output, 0, 4.301,
j3033_2.dzn.output, 6396, 119.306,
j3030_9.dzn.output, 0, 1.756,
j3048_8.dzn.output, 0, 1.014,
j3034_2.dzn.output, 336, 53.199,
j3023_1.dzn.output, 50, 3.030,
j3019_3.dzn.output, 2277, -,
j306_3.dzn.output, 0, 3.189,
j3046_4.dzn.output, 5592, -,
j3013_4.dzn.output, 32435, -,
j302_8.dzn.output, 5168, -,
j3029_6.dzn.output, 41202, -,
j301_3.dzn.output, 2044, 71.416,
j3041_4.dzn.output, 21843, -,
j305_8.dzn.output, 17249, -,
j3014_4.dzn.output, 7527, -,
j3039_5.dzn.output, 1068, 54.958,
j3021_2.dzn.output, 1239, 623.780,
j3036_1.dzn.output, 2850, 401.717,
j3025_9.dzn.output, 13787, -,
j3031_1.dzn.output, 0, 1.506,
j3026_2.dzn.output, 0, 2.585,
j309_7.dzn.output, 5414, -,
j3022_9.dzn.output, 1575, 49.467,
j3043_7.dzn.output, 0, 2.222,
j3016_7.dzn.output, 0, 2.577,
j3044_7.dzn.output, 0, 1.847,
j3011_7.dzn.output, 0, 3.635,
j3029_3.dzn.output, 45739, -,
j3046_1.dzn.output, 14503, -,
j3013_1.dzn.output, 41644, -,
j306_6.dzn.output, 0, 4.516,
j3041_1.dzn.output, 10492, -,
j3014_1.dzn.output, 1656, -,
j301_6.dzn.output, 2823, 17.366,
j3033_7.dzn.output, 4939, 169.516,
j3024_4.dzn.output, 0, 2.263,
j3019_6.dzn.output, 4, 1.306,
j3023_4.dzn.output, 6964, -,
j3034_7.dzn.output, 752, 77.489,
j3012_9.dzn.output, 0, 1.671,
j303_5.dzn.output, 545, 45.502,
j3047_9.dzn.output, 0, 1.365,
j3043_2.dzn.output, 0, 2.426,
j3016_2.dzn.output, 0, 6.028,
j304_5.dzn.output, 723, 110.100,
j3015_9.dzn.output, 52, 46.395,
j3040_9.dzn.output, 0, 1.956,
j3038_8.dzn.output, 157, 387.166,
j3044_2.dzn.output, 0, 2.421,
j3011_2.dzn.output, 74, 2.057,
j3036_4.dzn.output, 0, 1.219,
j3021_7.dzn.output, 7482, -,
j309_2.dzn.output, 11680, -,
j3026_7.dzn.output, 500, 45.736,
j3031_4.dzn.output, 0, 0.695,
j308_7.dzn.output, 0, 2.774,
j3023_9.dzn.output, 0, 2.917,
j3027_2.dzn.output, 0, 2.741,
j3030_1.dzn.output, 6997, -,
j3024_9.dzn.output, 0, 1.163,
j3037_1.dzn.output, 620, 1014.786,
j3020_2.dzn.output, 446, 130.563,
j3014_10.dzn.output, 10469, -,
j3010_7.dzn.output, 80, 416.789,
j3045_7.dzn.output, 43113, -,
j301_10.dzn.output, 1295, -,
j3017_7.dzn.output, 3552, 230.022,
j3042_7.dzn.output, 0, 5.610,
j3022_1.dzn.output, 47, 231.614,
j3035_2.dzn.output, 153, 2.663,
j3018_3.dzn.output, 210, 15.284,
j3031_9.dzn.output, 0, 8.586,
j3029_10.dzn.output, 13275, -,
j3032_2.dzn.output, 0, 2.223,
j3025_1.dzn.output, 17265, -,
j3036_9.dzn.output, 114, 61.553,
j304_8.dzn.output, 0, 1.275,
j3015_4.dzn.output, 0, 0.883,
j3040_4.dzn.output, 0, 4.615,
j3038_5.dzn.output, 117, 219.557,
j305_10.dzn.output, 8621, -,
j3012_4.dzn.output, 0, 4.628,
j303_8.dzn.output, 0, 1.004,
j3047_4.dzn.output, 988, 230.684,
j3010_10.dzn.output, 225, 20.770,
j3028_6.dzn.output, 0, 1.873,
j307_3.dzn.output, 945, 120.735,
