instance, objective, time
j3036_7.dzn.output, 212, 29.636,
j3021_4.dzn.output, 2033, -,
j309_1.dzn.output, 3124, -,
j3026_4.dzn.output, 78, 123.611,
j3031_7.dzn.output, 0, 2.576,
j3028_8.dzn.output, 0, 1.946,
j303_6.dzn.output, 141, 2.001,
j3016_1.dzn.output, 66, 7.813,
j3043_1.dzn.output, 0, 1.834,
j304_6.dzn.output, 4, 0.601,
j3011_1.dzn.output, 0, 1.679,
j3044_1.dzn.output, 0, 0.492,
j3033_4.dzn.output, 367, -,
j3024_7.dzn.output, 0, 1.148,
j3023_7.dzn.output, 104, -,
j3034_4.dzn.output, 256, 362.024,
j3019_5.dzn.output, 52, 33.204,
j308_9.dzn.output, 0, 0.603,
j3013_2.dzn.output, 2789, -,
j3046_2.dzn.output, 2723, -,
j3042_9.dzn.output, 2615, -,
j306_5.dzn.output, 140, 125.700,
j3017_9.dzn.output, 799, 23.439,
j3014_2.dzn.output, 1804, -,
j3041_2.dzn.output, 2105, -,
j3039_3.dzn.output, 364, 27.372,
j3045_9.dzn.output, 3372, -,
j3010_9.dzn.output, 585, 1199.900,
j301_5.dzn.output, 939, 23.051,
j3011_10.dzn.output, 0, 1.087,
j3038_6.dzn.output, 104, -,
j3040_7.dzn.output, 0, 0.787,
j3015_7.dzn.output, 29, 653.500,
j3028_5.dzn.output, 0, 1.069,
j3047_7.dzn.output, 0, 0.550,
j3012_7.dzn.output, 0, 0.580,
j304_10.dzn.output, 8, 13.291,
j3022_2.dzn.output, 381, 0.617,
j3028_10.dzn.output, 0, 1.257,
j3035_1.dzn.output, 125, 3.013,
j3026_9.dzn.output, 1832, -,
j3032_1.dzn.output, 0, 1.390,
j3025_2.dzn.output, 2520, -,
j3021_9.dzn.output, 845, -,
j305_3.dzn.output, 2459, -,
j3045_4.dzn.output, 3536, -,
j3010_4.dzn.output, 0, 1.208,
j301_8.dzn.output, 667, 19.178,
j302_3.dzn.output, 5, 1.364,
j3042_4.dzn.output, 828, -,
j306_8.dzn.output, 81, 509.888,
j3017_4.dzn.output, 1044, 395.197,
j3015_10.dzn.output, 0, 1.557,
j3034_9.dzn.output, 550, 229.349,
j3019_8.dzn.output, 100, 17.856,
j308_4.dzn.output, 182, 205.850,
j3027_1.dzn.output, 16, 12.368,
j3030_2.dzn.output, 18, 253.581,
j3048_3.dzn.output, 0, 0.540,
j3033_9.dzn.output, 222, 332.274,
j3037_2.dzn.output, 380, -,
j3020_1.dzn.output, 59, 5.243,
j307_10.dzn.output, 448, 46.421,
j3035_4.dzn.output, 316, 9.486,
j3022_7.dzn.output, 95, 296.963,
j3018_5.dzn.output, 500, 0.854,
j309_9.dzn.output, 1106, -,
j3025_7.dzn.output, 1884, -,
j3032_4.dzn.output, 0, 2.156,
j3012_10.dzn.output, 0, 0.818,
j3011_9.dzn.output, 0, 1.307,
j3044_9.dzn.output, 0, 1.180,
j3040_2.dzn.output, 0, 1.150,
j3015_2.dzn.output, 0, 1.316,
j3038_3.dzn.output, 1118, -,
j307_5.dzn.output, 152, 7.916,
j3016_9.dzn.output, 0, 1.422,
j3043_9.dzn.output, 150, 454.833,
j3047_2.dzn.output, 0, 0.747,
j3012_2.dzn.output, 0, 0.840,
j3048_6.dzn.output, 0, 1.514,
j3016_10.dzn.output, 0, 1.123,
j3030_7.dzn.output, 342, -,
j3027_4.dzn.output, 610, 1199.774,
j308_1.dzn.output, 0, 0.651,
j3020_4.dzn.output, 0, 0.593,
j3037_7.dzn.output, 1689, -,
j303_10.dzn.output, 29, 72.305,
j3045_1.dzn.output, 2895, -,
j3010_1.dzn.output, 0, 1.081,
j305_6.dzn.output, 156, 766.748,
j3042_1.dzn.output, 482, -,
j3017_1.dzn.output, 960, -,
j3038_10.dzn.output, 2, 1.440,
j3029_8.dzn.output, 2700, -,
j302_6.dzn.output, 105, 598.252,
j307_8.dzn.output, 119, -,
j3016_4.dzn.output, 0, 0.729,
j3043_4.dzn.output, 899, -,
j303_3.dzn.output, 18, 17.204,
j3011_4.dzn.output, 25, 91.796,
j3044_4.dzn.output, 0, 1.201,
j304_3.dzn.output, 724, 6.542,
j3021_1.dzn.output, 2731, -,
j3036_2.dzn.output, 0, 0.512,
j3032_9.dzn.output, 0, 1.593,
j3031_2.dzn.output, 18, 14.788,
j3026_1.dzn.output, 921, -,
j3035_9.dzn.output, 0, 0.706,
j3018_8.dzn.output, 460, 6.850,
j309_4.dzn.output, 2589, -,
j3029_5.dzn.output, 6429, -,
j3013_7.dzn.output, 3024, -,
j3046_7.dzn.output, 983, -,
j3039_6.dzn.output, 4, 4.049,
j3014_7.dzn.output, 0, 1.288,
j3041_7.dzn.output, 2626, -,
j3020_9.dzn.output, 0, 0.346,
j3048_10.dzn.output, 0, 1.333,
j3024_2.dzn.output, 111, 14.279,
j3033_1.dzn.output, 1157, -,
j3027_9.dzn.output, 0, 1.048,
j3034_1.dzn.output, 385, 21.947,
j3023_2.dzn.output, 10, 15.985,
j3024_5.dzn.output, 0, 1.166,
j3033_6.dzn.output, 228, -,
j3019_7.dzn.output, 6, 7.092,
j3034_6.dzn.output, 229, 17.609,
j3023_5.dzn.output, 0, 0.717,
j3029_2.dzn.output, 2530, -,
j306_7.dzn.output, 136, 533.969,
j3039_1.dzn.output, 322, 994.441,
j3042_10.dzn.output, 170, -,
j301_7.dzn.output, 824, -,
j3021_6.dzn.output, 528, 645.030,
j3036_5.dzn.output, 18, 2.520,
j309_3.dzn.output, 757, -,
j3031_5.dzn.output, 949, -,
j3026_6.dzn.output, 1148, -,
j3047_8.dzn.output, 29, 0.980,
j3012_8.dzn.output, 0, 0.477,
j303_4.dzn.output, 2277, 1.565,
j3046_10.dzn.output, 1982, -,
j3016_3.dzn.output, 0, 0.693,
j3043_3.dzn.output, 0, 1.067,
j3040_8.dzn.output, 294, 43.034,
j304_4.dzn.output, 0, 0.457,
j3015_8.dzn.output, 0, 1.824,
j3038_9.dzn.output, 0, 0.838,
j3011_3.dzn.output, 0, 1.579,
j3044_3.dzn.output, 0, 1.139,
j305_1.dzn.output, 865, -,
j309_10.dzn.output, 2061, -,
j3045_6.dzn.output, 5239, -,
j3010_6.dzn.output, 9, 246.686,
j302_1.dzn.output, 198, 407.046,
j3042_6.dzn.output, 0, 1.723,
j3017_6.dzn.output, 1209, 325.081,
j308_6.dzn.output, 0, 1.290,
j3023_8.dzn.output, 0, 0.685,
j3032_10.dzn.output, 0, 1.340,
j3048_1.dzn.output, 0, 1.549,
j3027_3.dzn.output, 3, 0.737,
j3024_8.dzn.output, 0, 0.637,
j3025_10.dzn.output, 1572, -,
j3020_3.dzn.output, 100, 15.633,
j3040_5.dzn.output, 0, 0.920,
j3018_10.dzn.output, 127, 216.043,
j304_9.dzn.output, 0, 0.350,
j3015_5.dzn.output, 0, 1.941,
j3038_4.dzn.output, 268, 0.806,
j3047_5.dzn.output, 0, 0.909,
j3012_5.dzn.output, 0, 0.605,
j303_9.dzn.output, 2, 1.688,
j3028_7.dzn.output, 0, 0.847,
j307_2.dzn.output, 29, 4.728,
j3035_3.dzn.output, 0, 0.842,
j3018_2.dzn.output, 481, 29.620,
j3021_10.dzn.output, 1390, -,
j3031_8.dzn.output, 0, 1.714,
j3032_3.dzn.output, 353, 68.522,
j3036_8.dzn.output, 312, 39.816,
j3036_10.dzn.output, 933, 265.209,
j3027_6.dzn.output, 981, -,
j3030_5.dzn.output, 634, -,
j3048_4.dzn.output, 0, 0.966,
j308_3.dzn.output, 0, 0.704,
j3037_5.dzn.output, 868, -,
j3020_6.dzn.output, 870, 3.499,
j3045_3.dzn.output, 2479, -,
j3010_3.dzn.output, 0, 1.294,
j3026_10.dzn.output, 752, -,
j305_4.dzn.output, 1929, -,
j3014_8.dzn.output, 594, -,
j3041_8.dzn.output, 5803, -,
j3039_9.dzn.output, 0, 0.714,
j3042_3.dzn.output, 58, 104.572,
j3017_3.dzn.output, 1259, 162.612,
j3013_8.dzn.output, 3818, -,
j302_4.dzn.output, 4, 0.599,
j3046_8.dzn.output, 31, 21.479,
j3031_10.dzn.output, 0, 1.336,
j3018_7.dzn.output, 113, 5.734,
j3022_5.dzn.output, 99, -,
j3035_6.dzn.output, 199, 4.219,
j3032_6.dzn.output, 0, 0.644,
j3025_5.dzn.output, 4184, -,
j3035_10.dzn.output, 52, 22.792,
j3038_1.dzn.output, 108, 60.369,
j307_7.dzn.output, 200, 1.360,
j3022_10.dzn.output, 58, 47.715,
j3028_2.dzn.output, 0, 0.938,
j306_2.dzn.output, 347, 301.746,
j3013_5.dzn.output, 1867, -,
j302_9.dzn.output, 193, 84.865,
j3046_5.dzn.output, 777, -,
j3029_7.dzn.output, 1571, -,
j301_2.dzn.output, 176, 51.027,
j305_9.dzn.output, 1473, -,
j3014_5.dzn.output, 0, 1.390,
j3041_5.dzn.output, 6724, -,
j3039_4.dzn.output, 85, 22.949,
j3037_8.dzn.output, 3498, -,
j3041_10.dzn.output, 3320, -,
j3033_3.dzn.output, 1490, -,
j3030_8.dzn.output, 760, -,
j3048_9.dzn.output, 0, 1.275,
j3034_3.dzn.output, 423, 155.822,
j3019_2.dzn.output, 5, 1.632,
j3016_6.dzn.output, 0, 1.029,
j3043_6.dzn.output, 8, 3.079,
j303_1.dzn.output, 0, 0.757,
j3011_6.dzn.output, 0, 0.932,
j3044_6.dzn.output, 0, 1.420,
j304_1.dzn.output, 12, 0.506,
j3021_3.dzn.output, 3079, -,
j3025_8.dzn.output, 9565, -,
j3026_3.dzn.output, 0, 1.848,
j3045_10.dzn.output, 3019, -,
j309_6.dzn.output, 0, 1.637,
j3022_8.dzn.output, 62, 31.999,
j3044_8.dzn.output, 0, 1.252,
j3011_8.dzn.output, 650, -,
j3015_3.dzn.output, 270, -,
j3040_3.dzn.output, 0, 1.055,
j3023_10.dzn.output, 0, 1.013,
j3038_2.dzn.output, 0, 0.663,
j3043_8.dzn.output, 105, 305.455,
j307_4.dzn.output, 0, 0.804,
j3016_8.dzn.output, 0, 0.881,
j3034_10.dzn.output, 70, 0.588,
j3012_3.dzn.output, 0, 0.656,
j3047_3.dzn.output, 0, 0.949,
j3028_1.dzn.output, 12, 25.978,
j3022_6.dzn.output, 0, 1.075,
j3035_5.dzn.output, 0, 0.847,
j3018_4.dzn.output, 300, 16.373,
j309_8.dzn.output, 2379, -,
j3032_5.dzn.output, 0, 1.559,
j3025_6.dzn.output, 929, -,
j305_7.dzn.output, 2196, -,
j3030_10.dzn.output, 0, 2.359,
j3027_10.dzn.output, 0, 1.036,
j3029_9.dzn.output, 4832, -,
j302_7.dzn.output, 324, 40.027,
j3048_7.dzn.output, 0, 1.332,
j3027_5.dzn.output, 0, 1.159,
j3030_6.dzn.output, 2281, -,
j3037_6.dzn.output, 1869, -,
j3020_5.dzn.output, 541, 54.150,
j3036_3.dzn.output, 400, 0.992,
j3032_8.dzn.output, 0, 1.117,
j3044_10.dzn.output, 0, 1.184,
j3031_3.dzn.output, 0, 1.338,
j3035_8.dzn.output, 875, 146.163,
j3018_9.dzn.output, 874, 1199.628,
j309_5.dzn.output, 1953, -,
j3043_5.dzn.output, 1148, -,
j307_9.dzn.output, 0, 0.983,
j3016_5.dzn.output, 0, 0.690,
j303_2.dzn.output, 419, 7.318,
j3044_5.dzn.output, 0, 1.826,
j3011_5.dzn.output, 438, -,
j304_2.dzn.output, 75, 4.980,
j3020_8.dzn.output, 0, 0.837,
j3024_3.dzn.output, 110, 420.800,
j3040_10.dzn.output, 0, 0.762,
j3027_8.dzn.output, 0, 1.108,
j3019_1.dzn.output, 0, 0.391,
j3023_3.dzn.output, 913, -,
j306_1.dzn.output, 342, 405.975,
j3029_4.dzn.output, 2288, -,
j3046_6.dzn.output, 1560, -,
j3013_6.dzn.output, 2666, -,
j301_1.dzn.output, 141, 17.407,
j3039_7.dzn.output, 25, 114.222,
j3041_6.dzn.output, 3074, -,
j3014_6.dzn.output, 0, 0.886,
j3028_9.dzn.output, 0, 1.336,
j303_7.dzn.output, 0, 0.727,
j3047_10.dzn.output, 0, 1.103,
j304_7.dzn.output, 0, 0.907,
j3021_5.dzn.output, 395, -,
j3036_6.dzn.output, 971, 651.676,
j3031_6.dzn.output, 0, 1.354,
j3026_5.dzn.output, 1192, -,
j3046_3.dzn.output, 687, -,
j3013_3.dzn.output, 6296, -,
j3029_1.dzn.output, 2383, -,
j306_4.dzn.output, 118, 19.038,
j3017_8.dzn.output, 458, 1199.650,
j3042_8.dzn.output, 1952, -,
j3043_10.dzn.output, 90, 1104.026,
j3041_3.dzn.output, 3584, -,
j3014_3.dzn.output, 1083, -,
j3039_2.dzn.output, 0, 1.215,
j3010_8.dzn.output, 0, 0.829,
j301_4.dzn.output, 1124, -,
j3045_8.dzn.output, 3652, -,
j3024_6.dzn.output, 0, 1.070,
j3033_5.dzn.output, 197, 17.440,
j3034_5.dzn.output, 520, 449.696,
j3023_6.dzn.output, 0, 0.602,
j3019_4.dzn.output, 24, 4.428,
j308_8.dzn.output, 0, 1.018,
j3018_1.dzn.output, 109, 2.681,
j3022_3.dzn.output, 85, -,
j3026_8.dzn.output, 606, 1199.871,
j3037_10.dzn.output, 359, -,
j3020_10.dzn.output, 100, 6.058,
j3025_3.dzn.output, 2747, -,
j3021_8.dzn.output, 1871, -,
j3038_7.dzn.output, 71, 729.852,
j3015_6.dzn.output, 0, 2.125,
j3040_6.dzn.output, 0, 0.668,
j3028_4.dzn.output, 0, 0.754,
j3019_10.dzn.output, 26, -,
j3012_6.dzn.output, 0, 0.588,
j3047_6.dzn.output, 0, 0.969,
j307_1.dzn.output, 9, 602.270,
j3034_8.dzn.output, 1000, 1.837,
j3019_9.dzn.output, 190, 1.721,
j308_5.dzn.output, 0, 0.998,
j3030_3.dzn.output, 1258, -,
j3048_2.dzn.output, 0, 1.172,
j3024_10.dzn.output, 0, 0.863,
j3033_8.dzn.output, 556, -,
j3033_10.dzn.output, 340, 1.656,
j3037_3.dzn.output, 2488, -,
j305_2.dzn.output, 495, -,
j3010_5.dzn.output, 32, 1.188,
j301_9.dzn.output, 583, 27.634,
j3045_5.dzn.output, 2133, -,
j308_10.dzn.output, 0, 1.538,
j302_2.dzn.output, 431, 28.527,
j306_9.dzn.output, 751, -,
j3017_5.dzn.output, 431, 107.204,
j3042_5.dzn.output, 0, 1.189,
j3010_2.dzn.output, 12, 1046.493,
j3045_2.dzn.output, 5317, -,
j3041_9.dzn.output, 2494, -,
j305_5.dzn.output, 1412, -,
j3014_9.dzn.output, 914, -,
j3039_10.dzn.output, 2, 1.734,
j3039_8.dzn.output, 0, 0.906,
j3017_2.dzn.output, 1425, 860.561,
j3042_2.dzn.output, 152, 794.145,
j3046_9.dzn.output, 226, -,
j3013_9.dzn.output, 2445, -,
j302_5.dzn.output, 125, 0.624,
j3030_4.dzn.output, 0, 1.033,
j3027_7.dzn.output, 4, 34.711,
j3048_5.dzn.output, 0, 1.427,
j308_2.dzn.output, 0, 0.809,
j302_10.dzn.output, 12, 8.510,
j3020_7.dzn.output, 12, 4.793,
j3037_4.dzn.output, 1570, -,
j3017_10.dzn.output, 1113, 223.264,
j3015_1.dzn.output, 232, -,
j3040_1.dzn.output, 36, 85.494,
j307_6.dzn.output, 196, 24.326,
j3028_3.dzn.output, 0, 0.900,
j3012_1.dzn.output, 0, 0.973,
j3047_1.dzn.output, 0, 1.821,
j3013_10.dzn.output, 2797, -,
j3018_6.dzn.output, 305, 13.634,
j3035_7.dzn.output, 2, 1.222,
j3022_4.dzn.output, 0, 0.645,
j306_10.dzn.output, 44, 0.732,
j3025_4.dzn.output, 1967, -,
j3032_7.dzn.output, 0, 0.668,
j3037_9.dzn.output, 1869, -,
j3024_1.dzn.output, 0, 0.774,
j3033_2.dzn.output, 1872, 136.210,
j3030_9.dzn.output, 0, 1.129,
j3048_8.dzn.output, 0, 1.018,
j3034_2.dzn.output, 203, 28.459,
j3023_1.dzn.output, 50, 1.016,
j3019_3.dzn.output, 927, -,
j306_3.dzn.output, 0, 0.945,
j3046_4.dzn.output, 754, -,
j3013_4.dzn.output, 3259, -,
j302_8.dzn.output, 1140, -,
j3029_6.dzn.output, 3929, -,
j301_3.dzn.output, 782, 124.610,
j3041_4.dzn.output, 3188, -,
j305_8.dzn.output, 2361, -,
j3014_4.dzn.output, 1130, -,
j3039_5.dzn.output, 366, 45.192,
j3021_2.dzn.output, 613, 548.526,
j3036_1.dzn.output, 750, 178.969,
j3025_9.dzn.output, 2270, -,
j3031_1.dzn.output, 0, 1.162,
j3026_2.dzn.output, 0, 0.903,
j309_7.dzn.output, 741, -,
j3022_9.dzn.output, 525, 24.879,
j3043_7.dzn.output, 0, 1.250,
j3016_7.dzn.output, 0, 1.144,
j3044_7.dzn.output, 0, 0.867,
j3011_7.dzn.output, 0, 0.976,
j3029_3.dzn.output, 7839, -,
j3046_1.dzn.output, 1559, -,
j3013_1.dzn.output, 2998, -,
j306_6.dzn.output, 0, 0.851,
j3041_1.dzn.output, 2081, -,
j3014_1.dzn.output, 361, 1199.783,
j301_6.dzn.output, 809, 7.875,
j3033_7.dzn.output, 1417, 55.885,
j3024_4.dzn.output, 0, 0.695,
j3019_6.dzn.output, 2, 0.458,
j3023_4.dzn.output, 574, 484.280,
j3034_7.dzn.output, 450, 43.382,
j3012_9.dzn.output, 0, 0.739,
j303_5.dzn.output, 277, 6.520,
j3047_9.dzn.output, 0, 1.022,
j3043_2.dzn.output, 0, 1.025,
j3016_2.dzn.output, 0, 1.467,
j304_5.dzn.output, 253, 32.640,
j3015_9.dzn.output, 52, 3.228,
j3040_9.dzn.output, 0, 0.694,
j3038_8.dzn.output, 137, 354.613,
j3044_2.dzn.output, 0, 1.391,
j3011_2.dzn.output, 74, 1.668,
j3036_4.dzn.output, 0, 0.615,
j3021_7.dzn.output, 2435, -,
j309_2.dzn.output, 1059, -,
j3026_7.dzn.output, 250, 2.622,
j3031_4.dzn.output, 0, 0.630,
j308_7.dzn.output, 0, 0.730,
j3023_9.dzn.output, 0, 1.090,
j3027_2.dzn.output, 0, 1.398,
j3030_1.dzn.output, 1165, 1199.872,
j3024_9.dzn.output, 0, 0.855,
j3037_1.dzn.output, 312, 391.694,
j3020_2.dzn.output, 324, 14.179,
j3014_10.dzn.output, 1536, -,
j3010_7.dzn.output, 40, 375.206,
j3045_7.dzn.output, 4221, -,
j301_10.dzn.output, 554, 747.724,
j3017_7.dzn.output, 1118, 433.592,
j3042_7.dzn.output, 0, 1.555,
j3022_1.dzn.output, 27, 635.697,
j3035_2.dzn.output, 153, 0.762,
j3018_3.dzn.output, 174, 7.315,
j3031_9.dzn.output, 0, 1.211,
j3029_10.dzn.output, 2024, -,
j3032_2.dzn.output, 0, 2.042,
j3025_1.dzn.output, 2063, -,
j3036_9.dzn.output, 42, 8.685,
j304_8.dzn.output, 0, 0.695,
j3015_4.dzn.output, 0, 0.713,
j3040_4.dzn.output, 0, 0.954,
j3038_5.dzn.output, 33, 195.267,
j305_10.dzn.output, 2200, -,
j3012_4.dzn.output, 0, 1.232,
j303_8.dzn.output, 0, 0.486,
j3047_4.dzn.output, 271, 46.584,
j3010_10.dzn.output, 75, 1.023,
j3028_6.dzn.output, 0, 1.026,
j307_3.dzn.output, 375, 48.673,
