instance, objective, time
j3036_7.dzn.output, 548, 0.033,
j3021_4.dzn.output, 1626271, -,
j309_1.dzn.output, 3015975, -,
j3026_4.dzn.output, 256, 287.999,
j3031_7.dzn.output, 0, 0.033,
j3028_8.dzn.output, 0, 0.042,
j303_6.dzn.output, 157, 0.156,
j3016_1.dzn.output, 132, 0.927,
j3043_1.dzn.output, 0, 0.039,
j304_6.dzn.output, 16, 0.994,
j3011_1.dzn.output, 0, 0.029,
j3044_1.dzn.output, 0, 0.015,
j3033_4.dzn.output, 619, -,
j3024_7.dzn.output, 0, 0.026,
j3023_7.dzn.output, 196, 6.653,
j3034_4.dzn.output, 384, 0.477,
j3019_5.dzn.output, 184, 10.457,
j308_9.dzn.output, 0, 0.015,
j3013_2.dzn.output, 2684113, -,
j3046_2.dzn.output, 85283, -,
j3042_9.dzn.output, 2373483, -,
j306_5.dzn.output, 965, 10.839,
j3017_9.dzn.output, 2347, 18.600,
j3014_2.dzn.output, 1220, 805.924,
j3041_2.dzn.output, 18701, 1199.966,
j3039_3.dzn.output, 728, 6.461,
j3045_9.dzn.output, 3175192, -,
j3010_9.dzn.output, 1499809, -,
j301_5.dzn.output, 1601, 12.456,
j3011_10.dzn.output, 0, 0.029,
j3038_6.dzn.output, 1190269, -,
j3040_7.dzn.output, 0, 0.025,
j3015_7.dzn.output, 53, 736.623,
j3028_5.dzn.output, 0, 0.019,
j3047_7.dzn.output, 0, 0.019,
j3012_7.dzn.output, 0, 0.025,
j304_10.dzn.output, 32, 0.512,
j3022_2.dzn.output, 1143, 0.017,
j3028_10.dzn.output, 0, 0.023,
j3035_1.dzn.output, 125, 0.092,
j3026_9.dzn.output, 2325, 1200.047,
j3032_1.dzn.output, 0, 0.029,
j3025_2.dzn.output, 1611268, -,
j3021_9.dzn.output, 7385, 1199.982,
j305_3.dzn.output, 1451759, -,
j3045_4.dzn.output, 91545, 1199.965,
j3010_4.dzn.output, 0, 0.045,
j301_8.dzn.output, 1337, 63.013,
j302_3.dzn.output, 5, 0.023,
j3042_4.dzn.output, 2334, 1200.034,
j306_8.dzn.output, 87, 13.564,
j3017_4.dzn.output, 2762, 28.291,
j3015_10.dzn.output, 0, 0.038,
j3034_9.dzn.output, 299728, -,
j3019_8.dzn.output, 400, 1.358,
j308_4.dzn.output, 308, 7.347,
j3027_1.dzn.output, 32, 0.157,
j3030_2.dzn.output, 18, 255.031,
j3048_3.dzn.output, 0, 0.016,
j3033_9.dzn.output, 534, 39.491,
j3037_2.dzn.output, 986, 120.148,
j3020_1.dzn.output, 169, 0.865,
j307_10.dzn.output, 1244, 12.466,
j3035_4.dzn.output, 932, 1.987,
j3022_7.dzn.output, 117, 32.703,
j3018_5.dzn.output, 2000, 0.024,
j309_9.dzn.output, 10866, 1199.684,
j3025_7.dzn.output, 5205, 1199.985,
j3032_4.dzn.output, 0, 0.028,
j3012_10.dzn.output, 0, 0.022,
j3011_9.dzn.output, 0, 0.021,
j3044_9.dzn.output, 0, 0.023,
j3040_2.dzn.output, 0, 0.023,
j3015_2.dzn.output, 0, 0.021,
j3038_3.dzn.output, 1608430, -,
j307_5.dzn.output, 152, 0.020,
j3016_9.dzn.output, 0, 0.023,
j3043_9.dzn.output, 300, 6.905,
j3047_2.dzn.output, 0, 0.012,
j3012_2.dzn.output, 0, 0.014,
j3048_6.dzn.output, 0, 0.029,
j3016_10.dzn.output, 0, 0.019,
j3030_7.dzn.output, 900, 32.680,
j3027_4.dzn.output, 616, 587.497,
j308_1.dzn.output, 0, 0.019,
j3020_4.dzn.output, 0, 0.015,
j3037_7.dzn.output, 2525850, -,
j303_10.dzn.output, 79, 10.055,
j3045_1.dzn.output, 67545, 1200.107,
j3010_1.dzn.output, 0, 0.037,
j305_6.dzn.output, 1426599, -,
j3042_1.dzn.output, 104, 309.794,
j3017_1.dzn.output, 1824, 417.388,
j3038_10.dzn.output, 4, 0.055,
j3029_8.dzn.output, 43010, 1199.972,
j302_6.dzn.output, 205, 47.466,
j307_8.dzn.output, 125, 684.089,
j3016_4.dzn.output, 0, 0.021,
j3043_4.dzn.output, 1247, 656.500,
j303_3.dzn.output, 36, 0.090,
j3011_4.dzn.output, 25, 81.286,
j3044_4.dzn.output, 0, 0.051,
j304_3.dzn.output, 2896, 2.344,
j3021_1.dzn.output, 21673, 1200.151,
j3036_2.dzn.output, 0, 0.017,
j3032_9.dzn.output, 0, 0.033,
j3031_2.dzn.output, 54, 0.088,
j3026_1.dzn.output, 2788, 1199.992,
j3035_9.dzn.output, 0, 0.023,
j3018_8.dzn.output, 1370, 1.143,
j309_4.dzn.output, 20078, -,
j3029_5.dzn.output, 214531, -,
j3013_7.dzn.output, 74897, -,
j3046_7.dzn.output, 1191, 638.415,
j3039_6.dzn.output, 4, 0.028,
j3014_7.dzn.output, 0, 0.047,
j3041_7.dzn.output, 32751, -,
j3020_9.dzn.output, 0, 0.011,
j3048_10.dzn.output, 0, 0.025,
j3024_2.dzn.output, 221, 15.430,
j3033_1.dzn.output, 781236, -,
j3027_9.dzn.output, 0, 0.032,
j3034_1.dzn.output, 799, 7.327,
j3023_2.dzn.output, 20, 0.029,
j3024_5.dzn.output, 0, 0.034,
j3033_6.dzn.output, 554099, -,
j3019_7.dzn.output, 6, 0.026,
j3034_6.dzn.output, 231, 1.202,
j3023_5.dzn.output, 0, 0.019,
j3029_2.dzn.output, 12766, 1199.403,
j306_7.dzn.output, 142, 178.803,
j3039_1.dzn.output, 967, 12.477,
j3042_10.dzn.output, 3085864, -,
j301_7.dzn.output, 1217, 411.360,
j3021_6.dzn.output, 856, 125.354,
j3036_5.dzn.output, 66, 0.677,
j309_3.dzn.output, 7502, 1199.984,
j3031_5.dzn.output, 646, 365.335,
j3026_6.dzn.output, 2744, 1154.870,
j3047_8.dzn.output, 29, 0.027,
j3012_8.dzn.output, 0, 0.010,
j303_4.dzn.output, 7731, 0.042,
j3046_10.dzn.output, 5899, 1200.000,
j3016_3.dzn.output, 0, 0.011,
j3043_3.dzn.output, 0, 0.024,
j3040_8.dzn.output, 1158, 14.309,
j304_4.dzn.output, 0, 0.013,
j3015_8.dzn.output, 0, 0.028,
j3038_9.dzn.output, 0, 0.037,
j3011_3.dzn.output, 0, 0.025,
j3044_3.dzn.output, 0, 0.018,
j305_1.dzn.output, 1960, 245.785,
j309_10.dzn.output, 4531465, -,
j3045_6.dzn.output, 63748, 1199.965,
j3010_6.dzn.output, 9, 0.431,
j302_1.dzn.output, 564, 10.965,
j3042_6.dzn.output, 0, 0.090,
j3017_6.dzn.output, 2837, 12.009,
j308_6.dzn.output, 0, 0.025,
j3023_8.dzn.output, 0, 0.015,
j3032_10.dzn.output, 0, 0.023,
j3048_1.dzn.output, 0, 0.022,
j3027_3.dzn.output, 3, 0.035,
j3024_8.dzn.output, 0, 0.012,
j3025_10.dzn.output, 1993788, -,
j3020_3.dzn.output, 175, 0.281,
j3040_5.dzn.output, 0, 0.021,
j3018_10.dzn.output, 1137, 0.927,
j304_9.dzn.output, 0, 0.011,
j3015_5.dzn.output, 0, 0.030,
j3038_4.dzn.output, 1061, 0.038,
j3047_5.dzn.output, 0, 0.050,
j3012_5.dzn.output, 0, 0.016,
j303_9.dzn.output, 2, 0.019,
j3028_7.dzn.output, 0, 0.022,
j307_2.dzn.output, 79, 0.938,
j3035_3.dzn.output, 0, 0.025,
j3018_2.dzn.output, 985, 1.466,
j3021_10.dzn.output, 2075, 1199.989,
j3031_8.dzn.output, 0, 0.024,
j3032_3.dzn.output, 1217, 9.554,
j3036_8.dzn.output, 1024, 2.242,
j3036_10.dzn.output, 3087, 179.201,
j3027_6.dzn.output, 572, 824.634,
j3030_5.dzn.output, 379, 162.871,
j3048_4.dzn.output, 0, 0.017,
j308_3.dzn.output, 0, 0.026,
j3037_5.dzn.output, 2360590, -,
j3020_6.dzn.output, 161693, -,
j3045_3.dzn.output, 14714, 1200.070,
j3010_3.dzn.output, 0, 0.026,
j3026_10.dzn.output, 329, 249.667,
j305_4.dzn.output, 4003, 1199.622,
j3014_8.dzn.output, 11100, 1200.418,
j3041_8.dzn.output, 38073, -,
j3039_9.dzn.output, 0, 0.037,
j3042_3.dzn.output, 1770819, -,
j3017_3.dzn.output, 3983, 10.602,
j3013_8.dzn.output, 92724, 1199.919,
j302_4.dzn.output, 16, 0.055,
j3046_8.dzn.output, 31, 0.306,
j3031_10.dzn.output, 0, 0.074,
j3018_7.dzn.output, 318371, -,
j3022_5.dzn.output, 167, 133.596,
j3035_6.dzn.output, 403, 1.013,
j3032_6.dzn.output, 0, 0.016,
j3025_5.dzn.output, 139253, 1200.322,
j3035_10.dzn.output, 94, 1.173,
j3038_1.dzn.output, 216, 24.598,
j307_7.dzn.output, 800, 0.056,
j3022_10.dzn.output, 116, 0.043,
j3028_2.dzn.output, 0, 0.029,
j306_2.dzn.output, 787, 17.186,
j3013_5.dzn.output, 90021, -,
j302_9.dzn.output, 605, 19.778,
j3046_5.dzn.output, 1904, 546.708,
j3029_7.dzn.output, 3354508, -,
j301_2.dzn.output, 508, 7.301,
j305_9.dzn.output, 5741, 1200.005,
j3014_5.dzn.output, 0, 0.057,
j3041_5.dzn.output, 224016, 1199.941,
j3039_4.dzn.output, 85, 0.673,
j3037_8.dzn.output, 21685, 1200.111,
j3041_10.dzn.output, 4750025, -,
j3033_3.dzn.output, 3536, 64.772,
j3030_8.dzn.output, 4118, 1200.029,
j3048_9.dzn.output, 0, 0.028,
j3034_3.dzn.output, 1409, 22.721,
j3019_2.dzn.output, 5, 0.066,
j3016_6.dzn.output, 0, 0.018,
j3043_6.dzn.output, 8, 0.070,
j303_1.dzn.output, 0, 0.021,
j3011_6.dzn.output, 0, 0.023,
j3044_6.dzn.output, 0, 0.024,
j304_1.dzn.output, 48, 0.014,
j3021_3.dzn.output, 39705, 1200.639,
j3025_8.dzn.output, 374531, -,
j3026_3.dzn.output, 0, 0.097,
j3045_10.dzn.output, 26106, 1199.986,
j309_6.dzn.output, 0, 0.174,
j3022_8.dzn.output, 62, 0.777,
j3044_8.dzn.output, 0, 0.026,
j3011_8.dzn.output, 324, 103.436,
j3015_3.dzn.output, 3498109, -,
j3040_3.dzn.output, 0, 0.017,
j3023_10.dzn.output, 0, 0.023,
j3038_2.dzn.output, 0, 0.022,
j3043_8.dzn.output, 4985018, -,
j307_4.dzn.output, 0, 3.711,
j3016_8.dzn.output, 0, 0.016,
j3034_10.dzn.output, 208, 0.024,
j3012_3.dzn.output, 0, 0.012,
j3047_3.dzn.output, 0, 0.022,
j3028_1.dzn.output, 12, 0.038,
j3022_6.dzn.output, 0, 0.043,
j3035_5.dzn.output, 0, 0.023,
j3018_4.dzn.output, 300, 0.085,
j309_8.dzn.output, 23260, 1199.961,
j3032_5.dzn.output, 0, 0.023,
j3025_6.dzn.output, 12131, 1199.976,
j305_7.dzn.output, 19867, 1199.970,
j3030_10.dzn.output, 0, 0.038,
j3027_10.dzn.output, 0, 0.038,
j3029_9.dzn.output, 99753, -,
j302_7.dzn.output, 810, 6.160,
j3048_7.dzn.output, 0, 0.029,
j3027_5.dzn.output, 0, 0.027,
j3030_6.dzn.output, 875, 994.192,
j3037_6.dzn.output, 2223860, -,
j3020_5.dzn.output, 325070, -,
j3036_3.dzn.output, 800, 0.131,
j3032_8.dzn.output, 0, 0.023,
j3044_10.dzn.output, 0, 0.023,
j3031_3.dzn.output, 0, 0.031,
j3035_8.dzn.output, 2375, 25.760,
j3018_9.dzn.output, 2772, 281.748,
j309_5.dzn.output, 24496, 1200.053,
j3043_5.dzn.output, 2173, 1149.203,
j307_9.dzn.output, 0, 0.022,
j3016_5.dzn.output, 0, 0.013,
j303_2.dzn.output, 829, 0.036,
j3044_5.dzn.output, 0, 0.054,
j3011_5.dzn.output, 1714398, -,
j304_2.dzn.output, 75, 0.037,
j3020_8.dzn.output, 0, 0.028,
j3024_3.dzn.output, 310, 121.497,
j3040_10.dzn.output, 0, 0.016,
j3027_8.dzn.output, 0, 0.044,
j3019_1.dzn.output, 0, 0.017,
j3023_3.dzn.output, 2855, 125.630,
j306_1.dzn.output, 826, 15.199,
j3029_4.dzn.output, 21455, -,
j3046_6.dzn.output, 9549, 1200.023,
j3013_6.dzn.output, 3851972, -,
j301_1.dzn.output, 197, 0.017,
j3039_7.dzn.output, 25, 0.081,
j3041_6.dzn.output, 13589, 1199.989,
j3014_6.dzn.output, 0, 0.031,
j3028_9.dzn.output, 0, 0.026,
j303_7.dzn.output, 0, 0.019,
j3047_10.dzn.output, 0, 0.034,
j304_7.dzn.output, 0, 0.028,
j3021_5.dzn.output, 345, 238.051,
j3036_6.dzn.output, 3413, 122.767,
j3031_6.dzn.output, 0, 0.041,
j3026_5.dzn.output, 2584613, -,
j3046_3.dzn.output, 2558, 1199.979,
j3013_3.dzn.output, 232087, -,
j3029_1.dzn.output, 63166, -,
j306_4.dzn.output, 496, 0.978,
j3017_8.dzn.output, 648, 173.048,
j3042_8.dzn.output, 6263, 1200.003,
j3043_10.dzn.output, 2633571, -,
j3041_3.dzn.output, 32738, 1199.979,
j3014_3.dzn.output, 4487603, -,
j3039_2.dzn.output, 0, 0.029,
j3010_8.dzn.output, 0, 0.037,
j301_4.dzn.output, 1322242, -,
j3045_8.dzn.output, 63905, 1200.042,
j3024_6.dzn.output, 0, 0.021,
j3033_5.dzn.output, 585, 2.083,
j3034_5.dzn.output, 1544, 28.604,
j3023_6.dzn.output, 0, 0.014,
j3019_4.dzn.output, 42, 0.253,
j308_8.dzn.output, 0, 0.027,
j3018_1.dzn.output, 409, 0.920,
j3022_3.dzn.output, 105, 91.183,
j3026_8.dzn.output, 2241, -,
j3037_10.dzn.output, 2340068, -,
j3020_10.dzn.output, 100, 0.125,
j3025_3.dzn.output, 115891, -,
j3021_8.dzn.output, 1148075, -,
j3038_7.dzn.output, 71, 74.774,
j3015_6.dzn.output, 0, 0.038,
j3040_6.dzn.output, 0, 0.022,
j3028_4.dzn.output, 0, 0.016,
j3019_10.dzn.output, 44, -,
j3012_6.dzn.output, 0, 0.022,
j3047_6.dzn.output, 0, 0.086,
j307_1.dzn.output, 9, 0.547,
j3034_8.dzn.output, 4000, 0.189,
j3019_9.dzn.output, 380, 0.199,
j308_5.dzn.output, 0, 0.025,
j3030_3.dzn.output, 2621616, -,
j3048_2.dzn.output, 0, 0.373,
j3024_10.dzn.output, 0, 0.017,
j3033_8.dzn.output, 1187, -,
j3033_10.dzn.output, 203282, -,
j3037_3.dzn.output, 2492711, -,
j305_2.dzn.output, 1804, -,
j3010_5.dzn.output, 32, 0.522,
j301_9.dzn.output, 1557, 53.589,
j3045_5.dzn.output, 156387, -,
j308_10.dzn.output, 0, 0.034,
j302_2.dzn.output, 831, 11.609,
j306_9.dzn.output, 5252, 1200.015,
j3017_5.dzn.output, 741, 3.820,
j3042_5.dzn.output, 0, 0.023,
j3010_2.dzn.output, 48, 68.545,
j3045_2.dzn.output, 74076, 1200.180,
j3041_9.dzn.output, 15443, -,
j305_5.dzn.output, 1965, 1199.996,
j3014_9.dzn.output, 25980, -,
j3039_10.dzn.output, 2, 0.127,
j3039_8.dzn.output, 0, 0.028,
j3017_2.dzn.output, 4749, 16.370,
j3042_2.dzn.output, 318, 74.563,
j3046_9.dzn.output, 4516197, -,
j3013_9.dzn.output, 28861, -,
j302_5.dzn.output, 125, 0.018,
j3030_4.dzn.output, 0, 0.021,
j3027_7.dzn.output, 4, 0.090,
j3048_5.dzn.output, 0, 0.035,
j308_2.dzn.output, 0, 0.017,
j302_10.dzn.output, 24, 0.099,
j3020_7.dzn.output, 48, 0.510,
j3037_4.dzn.output, 1264, 446.460,
j3017_10.dzn.output, 2217, 29.041,
j3015_1.dzn.output, 464, 200.206,
j3040_1.dzn.output, 120, 3.715,
j307_6.dzn.output, 292, 67.316,
j3028_3.dzn.output, 0, 0.020,
j3012_1.dzn.output, 0, 0.065,
j3047_1.dzn.output, 0, 0.082,
j3013_10.dzn.output, 17531, 1199.969,
j3018_6.dzn.output, 905, 0.069,
j3035_7.dzn.output, 2, 0.136,
j3022_4.dzn.output, 0, 0.016,
j306_10.dzn.output, 44, 0.016,
j3025_4.dzn.output, 14173, 1199.974,
j3032_7.dzn.output, 0, 0.017,
j3037_9.dzn.output, 675, 399.392,
j3024_1.dzn.output, 0, 0.035,
j3033_2.dzn.output, 6396, 17.434,
j3030_9.dzn.output, 0, 0.023,
j3048_8.dzn.output, 0, 0.016,
j3034_2.dzn.output, 336, 0.893,
j3023_1.dzn.output, 50, 0.040,
j3019_3.dzn.output, 577304, -,
j306_3.dzn.output, 0, 0.016,
j3046_4.dzn.output, 720, 1199.950,
j3013_4.dzn.output, 68881, 1199.946,
j302_8.dzn.output, 3601, 136.551,
j3029_6.dzn.output, 4294125, -,
j301_3.dzn.output, 2044, 9.123,
j3041_4.dzn.output, 49855, 1200.005,
j305_8.dzn.output, 29237, 1199.994,
j3014_4.dzn.output, 2775, -,
j3039_5.dzn.output, 1068, 6.019,
j3021_2.dzn.output, 653490, -,
j3036_1.dzn.output, 2850, 2.013,
j3025_9.dzn.output, 15025, 1199.953,
j3031_1.dzn.output, 0, 0.035,
j3026_2.dzn.output, 0, 0.022,
j309_7.dzn.output, 2333025, -,
j3022_9.dzn.output, 1236286, -,
j3043_7.dzn.output, 0, 0.021,
j3016_7.dzn.output, 0, 0.018,
j3044_7.dzn.output, 0, 0.017,
j3011_7.dzn.output, 0, 0.031,
j3029_3.dzn.output, 4017084, -,
j3046_1.dzn.output, 4834, 1200.003,
j3013_1.dzn.output, 87645, -,
j306_6.dzn.output, 0, 0.035,
j3041_1.dzn.output, 1770565, -,
j3014_1.dzn.output, 901, 825.252,
j301_6.dzn.output, 254066, -,
j3033_7.dzn.output, 4939, 6.067,
j3024_4.dzn.output, 0, 0.026,
j3019_6.dzn.output, 4, 0.015,
j3023_4.dzn.output, 1768264, -,
j3034_7.dzn.output, 752, 26.419,
j3012_9.dzn.output, 0, 0.016,
j303_5.dzn.output, 545, 0.122,
j3047_9.dzn.output, 0, 0.024,
j3043_2.dzn.output, 0, 0.020,
j3016_2.dzn.output, 0, 0.034,
j304_5.dzn.output, 723, 74.008,
j3015_9.dzn.output, 52, 217.581,
j3040_9.dzn.output, 0, 0.015,
j3038_8.dzn.output, 856538, -,
j3044_2.dzn.output, 0, 0.021,
j3011_2.dzn.output, 74, 0.056,
j3036_4.dzn.output, 0, 0.043,
j3021_7.dzn.output, 600, 1200.049,
j309_2.dzn.output, 11758, 1199.966,
j3026_7.dzn.output, 500, 0.197,
j3031_4.dzn.output, 0, 0.015,
j308_7.dzn.output, 0, 0.016,
j3023_9.dzn.output, 0, 0.052,
j3027_2.dzn.output, 0, 0.043,
j3030_1.dzn.output, 9573, 1199.973,
j3024_9.dzn.output, 0, 0.019,
j3037_1.dzn.output, 620, 1104.232,
j3020_2.dzn.output, 446, 3.405,
j3014_10.dzn.output, 5631, 1200.024,
j3010_7.dzn.output, 80, 2.444,
j3045_7.dzn.output, 82565, -,
j301_10.dzn.output, 808, 7.819,
j3017_7.dzn.output, 3552, 62.739,
j3042_7.dzn.output, 0, 0.050,
j3022_1.dzn.output, 47, 23.800,
j3035_2.dzn.output, 153, 0.040,
j3018_3.dzn.output, 210, 0.230,
j3031_9.dzn.output, 0, 0.047,
j3029_10.dzn.output, 7657, 1200.033,
j3032_2.dzn.output, 0, 0.031,
j3025_1.dzn.output, 12930, 1200.024,
j3036_9.dzn.output, 114, 0.369,
j304_8.dzn.output, 0, 0.034,
j3015_4.dzn.output, 0, 0.013,
j3040_4.dzn.output, 0, 0.053,
j3038_5.dzn.output, 117, 20.648,
j305_10.dzn.output, 6041, -,
j3012_4.dzn.output, 0, 0.030,
j303_8.dzn.output, 0, 0.020,
j3047_4.dzn.output, 2047993, -,
j3010_10.dzn.output, 450, 1.620,
j3028_6.dzn.output, 0, 0.021,
j307_3.dzn.output, 945, 7.112,
