instance, objective, time
j3036_7.dzn.output, 212, 0.013,
j3021_4.dzn.output, 1412, 1200.052,
j309_1.dzn.output, 4052, 1199.975,
j3026_4.dzn.output, 78, 30.784,
j3031_7.dzn.output, 0, 0.034,
j3028_8.dzn.output, 0, 0.034,
j303_6.dzn.output, 141, 0.086,
j3016_1.dzn.output, 66, 0.108,
j3043_1.dzn.output, 0, 0.033,
j304_6.dzn.output, 4, 0.025,
j3011_1.dzn.output, 0, 0.027,
j3044_1.dzn.output, 0, 0.011,
j3033_4.dzn.output, 367, 1199.980,
j3024_7.dzn.output, 0, 0.023,
j3023_7.dzn.output, 104, 20.703,
j3034_4.dzn.output, 256, 0.028,
j3019_5.dzn.output, 52, 2.631,
j308_9.dzn.output, 0, 0.015,
j3013_2.dzn.output, 24892, -,
j3046_2.dzn.output, 1989, 1199.993,
j3042_9.dzn.output, 1472, 1199.999,
j306_5.dzn.output, 140, 0.283,
j3017_9.dzn.output, 799, 0.598,
j3014_2.dzn.output, 330, 1151.629,
j3041_2.dzn.output, 2115, 1200.010,
j3039_3.dzn.output, 364, 3.659,
j3045_9.dzn.output, 29934, -,
j3010_9.dzn.output, 487, 815.018,
j301_5.dzn.output, 939, 1.040,
j3011_10.dzn.output, 0, 0.024,
j3038_6.dzn.output, 104, 1200.016,
j3040_7.dzn.output, 0, 0.025,
j3015_7.dzn.output, 29, 154.474,
j3028_5.dzn.output, 0, 0.025,
j3047_7.dzn.output, 0, 0.016,
j3012_7.dzn.output, 0, 0.014,
j304_10.dzn.output, 8, 0.141,
j3022_2.dzn.output, 381, 0.016,
j3028_10.dzn.output, 0, 0.020,
j3035_1.dzn.output, 125, 0.058,
j3026_9.dzn.output, 680, 1199.995,
j3032_1.dzn.output, 0, 0.021,
j3025_2.dzn.output, 1878, 1200.021,
j3021_9.dzn.output, 1019, 1199.997,
j305_3.dzn.output, 501, 180.636,
j3045_4.dzn.output, 6320, 1200.001,
j3010_4.dzn.output, 0, 0.028,
j301_8.dzn.output, 667, 1.937,
j302_3.dzn.output, 5, 0.027,
j3042_4.dzn.output, 354, 1200.022,
j306_8.dzn.output, 81, 3.337,
j3017_4.dzn.output, 1044, 13.119,
j3015_10.dzn.output, 0, 0.021,
j3034_9.dzn.output, 550, 2.650,
j3019_8.dzn.output, 100, 0.259,
j308_4.dzn.output, 182, 1.333,
j3027_1.dzn.output, 16, 0.058,
j3030_2.dzn.output, 18, 21.766,
j3048_3.dzn.output, 0, 0.010,
j3033_9.dzn.output, 222, 12.955,
j3037_2.dzn.output, 380, 15.430,
j3020_1.dzn.output, 59, 0.129,
j307_10.dzn.output, 448, 8.498,
j3035_4.dzn.output, 316, 1.011,
j3022_7.dzn.output, 95, 11.315,
j3018_5.dzn.output, 500, 0.022,
j309_9.dzn.output, 713, 1199.999,
j3025_7.dzn.output, 897, 1199.999,
j3032_4.dzn.output, 0, 0.027,
j3012_10.dzn.output, 0, 0.013,
j3011_9.dzn.output, 0, 0.020,
j3044_9.dzn.output, 0, 0.022,
j3040_2.dzn.output, 0, 0.023,
j3015_2.dzn.output, 0, 0.022,
j3038_3.dzn.output, 375, 714.036,
j307_5.dzn.output, 152, 0.021,
j3016_9.dzn.output, 0, 0.021,
j3043_9.dzn.output, 150, 0.997,
j3047_2.dzn.output, 0, 0.011,
j3012_2.dzn.output, 0, 0.014,
j3048_6.dzn.output, 0, 0.023,
j3016_10.dzn.output, 0, 0.016,
j3030_7.dzn.output, 58461, -,
j3027_4.dzn.output, 380, 97.715,
j308_1.dzn.output, 0, 0.015,
j3020_4.dzn.output, 0, 0.015,
j3037_7.dzn.output, 10873, -,
j303_10.dzn.output, 29, 2.211,
j3045_1.dzn.output, 5077, 1199.991,
j3010_1.dzn.output, 0, 0.027,
j305_6.dzn.output, 156, 358.595,
j3042_1.dzn.output, 104, 105.355,
j3017_1.dzn.output, 946, 1199.984,
j3038_10.dzn.output, 2, 0.031,
j3029_8.dzn.output, 6482, 1200.034,
j302_6.dzn.output, 105, 20.120,
j307_8.dzn.output, 95, 110.027,
j3016_4.dzn.output, 0, 0.015,
j3043_4.dzn.output, 492, 1200.004,
j303_3.dzn.output, 18, 0.047,
j3011_4.dzn.output, 25, 8.186,
j3044_4.dzn.output, 0, 0.037,
j304_3.dzn.output, 724, 0.028,
j3021_1.dzn.output, 2376, 1200.003,
j3036_2.dzn.output, 0, 0.022,
j3032_9.dzn.output, 0, 0.030,
j3031_2.dzn.output, 18, 0.048,
j3026_1.dzn.output, 701, 1199.984,
j3035_9.dzn.output, 0, 0.018,
j3018_8.dzn.output, 460, 0.070,
j309_4.dzn.output, 2834, 1200.024,
j3029_5.dzn.output, 11621, 1200.018,
j3013_7.dzn.output, 4347, 1199.971,
j3046_7.dzn.output, 471, 171.942,
j3039_6.dzn.output, 4, 0.025,
j3014_7.dzn.output, 0, 0.030,
j3041_7.dzn.output, 42057, -,
j3020_9.dzn.output, 0, 0.019,
j3048_10.dzn.output, 0, 0.017,
j3024_2.dzn.output, 111, 2.325,
j3033_1.dzn.output, 1098, 27.201,
j3027_9.dzn.output, 0, 0.022,
j3034_1.dzn.output, 385, 1.486,
j3023_2.dzn.output, 10, 0.028,
j3024_5.dzn.output, 0, 0.025,
j3033_6.dzn.output, 102, 133.407,
j3019_7.dzn.output, 6, 0.026,
j3034_6.dzn.output, 229, 0.609,
j3023_5.dzn.output, 0, 0.016,
j3029_2.dzn.output, 2063, 1200.040,
j306_7.dzn.output, 136, 28.403,
j3039_1.dzn.output, 322, 3.191,
j3042_10.dzn.output, 130, 400.775,
j301_7.dzn.output, 509, 1199.975,
j3021_6.dzn.output, 528, 27.490,
j3036_5.dzn.output, 18, 0.096,
j309_3.dzn.output, 180, 1200.016,
j3031_5.dzn.output, 11148, -,
j3026_6.dzn.output, 2916, 1199.967,
j3047_8.dzn.output, 29, 0.020,
j3012_8.dzn.output, 0, 0.016,
j303_4.dzn.output, 2277, 0.039,
j3046_10.dzn.output, 415, 1199.991,
j3016_3.dzn.output, 0, 0.010,
j3043_3.dzn.output, 0, 0.034,
j3040_8.dzn.output, 294, 4.509,
j304_4.dzn.output, 0, 0.012,
j3015_8.dzn.output, 0, 0.024,
j3038_9.dzn.output, 0, 0.026,
j3011_3.dzn.output, 0, 0.031,
j3044_3.dzn.output, 0, 0.018,
j305_1.dzn.output, 844, 79.279,
j309_10.dzn.output, 48082, -,
j3045_6.dzn.output, 6111, 1200.191,
j3010_6.dzn.output, 9, 0.317,
j302_1.dzn.output, 198, 3.900,
j3042_6.dzn.output, 0, 0.049,
j3017_6.dzn.output, 1209, 5.585,
j308_6.dzn.output, 0, 0.032,
j3023_8.dzn.output, 0, 0.015,
j3032_10.dzn.output, 0, 0.019,
j3048_1.dzn.output, 0, 0.021,
j3027_3.dzn.output, 3, 0.023,
j3024_8.dzn.output, 0, 0.019,
j3025_10.dzn.output, 9425, -,
j3020_3.dzn.output, 100, 0.097,
j3040_5.dzn.output, 0, 0.019,
j3018_10.dzn.output, 127, 1.274,
j304_9.dzn.output, 0, 0.009,
j3015_5.dzn.output, 0, 0.028,
j3038_4.dzn.output, 268, 0.022,
j3047_5.dzn.output, 0, 0.036,
j3012_5.dzn.output, 0, 0.013,
j303_9.dzn.output, 2, 0.017,
j3028_7.dzn.output, 0, 0.014,
j307_2.dzn.output, 29, 0.615,
j3035_3.dzn.output, 0, 0.023,
j3018_2.dzn.output, 481, 0.542,
j3021_10.dzn.output, 856, 1200.002,
j3031_8.dzn.output, 0, 0.022,
j3032_3.dzn.output, 353, 1.054,
j3036_8.dzn.output, 312, 0.564,
j3036_10.dzn.output, 933, 17.885,
j3027_6.dzn.output, 288, 782.764,
j3030_5.dzn.output, 175, 193.811,
j3048_4.dzn.output, 0, 0.022,
j308_3.dzn.output, 0, 0.020,
j3037_5.dzn.output, 716, 151.454,
j3020_6.dzn.output, 870, 0.067,
j3045_3.dzn.output, 3453, 1199.996,
j3010_3.dzn.output, 0, 0.022,
j3026_10.dzn.output, 75, 72.717,
j305_4.dzn.output, 543, 1199.987,
j3014_8.dzn.output, 102, 458.153,
j3041_8.dzn.output, 3518, 1199.954,
j3039_9.dzn.output, 0, 0.022,
j3042_3.dzn.output, 58, 1032.816,
j3017_3.dzn.output, 1259, 0.102,
j3013_8.dzn.output, 6669, 1200.017,
j302_4.dzn.output, 4, 0.018,
j3046_8.dzn.output, 31, 0.163,
j3031_10.dzn.output, 0, 0.049,
j3018_7.dzn.output, 113, 0.273,
j3022_5.dzn.output, 97, 737.002,
j3035_6.dzn.output, 199, 0.048,
j3032_6.dzn.output, 0, 0.013,
j3025_5.dzn.output, 4568, 1199.991,
j3035_10.dzn.output, 52, 0.884,
j3038_1.dzn.output, 108, 37.368,
j307_7.dzn.output, 200, 0.028,
j3022_10.dzn.output, 58, 0.060,
j3028_2.dzn.output, 0, 0.024,
j306_2.dzn.output, 347, 3.982,
j3013_5.dzn.output, 3228, 1200.041,
j302_9.dzn.output, 193, 6.107,
j3046_5.dzn.output, 775, 123.792,
j3029_7.dzn.output, 31047, -,
j301_2.dzn.output, 176, 2.987,
j305_9.dzn.output, 453, 1200.052,
j3014_5.dzn.output, 0, 0.043,
j3041_5.dzn.output, 10252, 1199.951,
j3039_4.dzn.output, 85, 0.584,
j3037_8.dzn.output, 3436, 1199.988,
j3041_10.dzn.output, 48721, -,
j3033_3.dzn.output, 1470, 97.815,
j3030_8.dzn.output, 760, 308.583,
j3048_9.dzn.output, 0, 0.019,
j3034_3.dzn.output, 423, 1.195,
j3019_2.dzn.output, 5, 0.049,
j3016_6.dzn.output, 0, 0.019,
j3043_6.dzn.output, 8, 0.053,
j303_1.dzn.output, 0, 0.021,
j3011_6.dzn.output, 0, 0.023,
j3044_6.dzn.output, 0, 0.022,
j304_1.dzn.output, 12, 0.023,
j3021_3.dzn.output, 1657, 437.413,
j3025_8.dzn.output, 7222, 1199.984,
j3026_3.dzn.output, 0, 0.056,
j3045_10.dzn.output, 3934, 1199.979,
j309_6.dzn.output, 0, 0.096,
j3022_8.dzn.output, 62, 0.537,
j3044_8.dzn.output, 0, 0.021,
j3011_8.dzn.output, 108, 18.092,
j3015_3.dzn.output, 15862, -,
j3040_3.dzn.output, 0, 0.017,
j3023_10.dzn.output, 0, 0.021,
j3038_2.dzn.output, 0, 0.015,
j3043_8.dzn.output, 105, 0.861,
j307_4.dzn.output, 0, 0.968,
j3016_8.dzn.output, 0, 0.026,
j3034_10.dzn.output, 70, 0.022,
j3012_3.dzn.output, 0, 0.013,
j3047_3.dzn.output, 0, 0.017,
j3028_1.dzn.output, 12, 0.051,
j3022_6.dzn.output, 0, 0.036,
j3035_5.dzn.output, 0, 0.027,
j3018_4.dzn.output, 300, 0.080,
j309_8.dzn.output, 1634, 1199.998,
j3032_5.dzn.output, 0, 0.021,
j3025_6.dzn.output, 782, 1200.014,
j305_7.dzn.output, 965, 1199.987,
j3030_10.dzn.output, 0, 0.029,
j3027_10.dzn.output, 0, 0.025,
j3029_9.dzn.output, 8845, 1199.960,
j302_7.dzn.output, 324, 0.954,
j3048_7.dzn.output, 0, 0.020,
j3027_5.dzn.output, 0, 0.026,
j3030_6.dzn.output, 431, 552.316,
j3037_6.dzn.output, 31400, -,
j3020_5.dzn.output, 541, 54.223,
j3036_3.dzn.output, 400, 0.027,
j3032_8.dzn.output, 0, 0.017,
j3044_10.dzn.output, 0, 0.021,
j3031_3.dzn.output, 0, 0.023,
j3035_8.dzn.output, 875, 1.504,
j3018_9.dzn.output, 874, 18.449,
j309_5.dzn.output, 2589, 1200.015,
j3043_5.dzn.output, 638, 1066.022,
j307_9.dzn.output, 0, 0.032,
j3016_5.dzn.output, 0, 0.012,
j303_2.dzn.output, 419, 0.035,
j3044_5.dzn.output, 0, 0.048,
j3011_5.dzn.output, 357, 117.113,
j304_2.dzn.output, 75, 0.033,
j3020_8.dzn.output, 0, 0.028,
j3024_3.dzn.output, 110, 0.365,
j3040_10.dzn.output, 0, 0.016,
j3027_8.dzn.output, 0, 0.033,
j3019_1.dzn.output, 0, 0.011,
j3023_3.dzn.output, 827, 8.253,
j306_1.dzn.output, 342, 10.685,
j3029_4.dzn.output, 2520, 1199.966,
j3046_6.dzn.output, 1024, 1200.003,
j3013_6.dzn.output, 3761, 1199.989,
j301_1.dzn.output, 141, 0.016,
j3039_7.dzn.output, 25, 0.037,
j3041_6.dzn.output, 1753, 1199.988,
j3014_6.dzn.output, 0, 0.016,
j3028_9.dzn.output, 0, 0.022,
j303_7.dzn.output, 0, 0.019,
j3047_10.dzn.output, 0, 0.024,
j304_7.dzn.output, 0, 0.027,
j3021_5.dzn.output, 261, 51.636,
j3036_6.dzn.output, 971, 3.971,
j3031_6.dzn.output, 0, 0.029,
j3026_5.dzn.output, 831, 3.442,
j3046_3.dzn.output, 545, 1200.045,
j3013_3.dzn.output, 5390, 1199.994,
j3029_1.dzn.output, 3696, 1200.003,
j306_4.dzn.output, 118, 4.144,
j3017_8.dzn.output, 370, 176.269,
j3042_8.dzn.output, 600, 1102.039,
j3043_10.dzn.output, 90, 48.624,
j3041_3.dzn.output, 4553, 1200.015,
j3014_3.dzn.output, 210, 1130.402,
j3039_2.dzn.output, 0, 0.025,
j3010_8.dzn.output, 0, 0.045,
j301_4.dzn.output, 918, 24.929,
j3045_8.dzn.output, 5311, 1200.212,
j3024_6.dzn.output, 0, 0.018,
j3033_5.dzn.output, 197, 0.784,
j3034_5.dzn.output, 520, 44.311,
j3023_6.dzn.output, 0, 0.013,
j3019_4.dzn.output, 24, 0.092,
j308_8.dzn.output, 0, 0.020,
j3018_1.dzn.output, 109, 0.089,
j3022_3.dzn.output, 55, 93.692,
j3026_8.dzn.output, 511, 18.504,
j3037_10.dzn.output, 259, 1200.014,
j3020_10.dzn.output, 100, 0.088,
j3025_3.dzn.output, 2234, 1200.000,
j3021_8.dzn.output, 938, 1200.012,
j3038_7.dzn.output, 71, 41.044,
j3015_6.dzn.output, 0, 0.031,
j3040_6.dzn.output, 0, 0.028,
j3028_4.dzn.output, 0, 0.021,
j3019_10.dzn.output, 26, 1199.994,
j3012_6.dzn.output, 0, 0.015,
j3047_6.dzn.output, 0, 0.057,
j307_1.dzn.output, 9, 0.354,
j3034_8.dzn.output, 1000, 0.112,
j3019_9.dzn.output, 190, 0.085,
j308_5.dzn.output, 0, 0.032,
j3030_3.dzn.output, 15380, -,
j3048_2.dzn.output, 0, 0.017,
j3024_10.dzn.output, 0, 0.016,
j3033_8.dzn.output, 547, 1199.998,
j3033_10.dzn.output, 340, 0.341,
j3037_3.dzn.output, 1980, 1199.950,
j305_2.dzn.output, 461, 1200.003,
j3010_5.dzn.output, 32, 0.177,
j301_9.dzn.output, 583, 1.003,
j3045_5.dzn.output, 7123, 1199.980,
j308_10.dzn.output, 0, 0.032,
j302_2.dzn.output, 431, 0.874,
j306_9.dzn.output, 696, 1200.010,
j3017_5.dzn.output, 431, 4.246,
j3042_5.dzn.output, 0, 0.023,
j3010_2.dzn.output, 12, 0.296,
j3045_2.dzn.output, 8239, 1200.006,
j3041_9.dzn.output, 2398, 1199.973,
j305_5.dzn.output, 452, 476.653,
j3014_9.dzn.output, 111, 1200.008,
j3039_10.dzn.output, 2, 0.114,
j3039_8.dzn.output, 0, 0.021,
j3017_2.dzn.output, 1425, 13.022,
j3042_2.dzn.output, 152, 186.445,
j3046_9.dzn.output, 226, 212.777,
j3013_9.dzn.output, 2760, 1200.022,
j302_5.dzn.output, 125, 0.016,
j3030_4.dzn.output, 0, 0.026,
j3027_7.dzn.output, 4, 0.051,
j3048_5.dzn.output, 0, 0.022,
j308_2.dzn.output, 0, 0.016,
j302_10.dzn.output, 12, 0.035,
j3020_7.dzn.output, 12, 0.059,
j3037_4.dzn.output, 497, 36.168,
j3017_10.dzn.output, 1113, 2.751,
j3015_1.dzn.output, 232, 54.526,
j3040_1.dzn.output, 36, 0.075,
j307_6.dzn.output, 196, 3.084,
j3028_3.dzn.output, 0, 0.017,
j3012_1.dzn.output, 0, 0.060,
j3047_1.dzn.output, 0, 0.048,
j3013_10.dzn.output, 38211, -,
j3018_6.dzn.output, 305, 0.048,
j3035_7.dzn.output, 2, 0.070,
j3022_4.dzn.output, 0, 0.014,
j306_10.dzn.output, 44, 0.017,
j3025_4.dzn.output, 39379, -,
j3032_7.dzn.output, 0, 0.011,
j3037_9.dzn.output, 574, 924.348,
j3024_1.dzn.output, 0, 0.021,
j3033_2.dzn.output, 1872, 3.297,
j3030_9.dzn.output, 0, 0.019,
j3048_8.dzn.output, 0, 0.013,
j3034_2.dzn.output, 203, 0.688,
j3023_1.dzn.output, 50, 0.021,
j3019_3.dzn.output, 927, 42.422,
j306_3.dzn.output, 0, 0.021,
j3046_4.dzn.output, 287, 1200.018,
j3013_4.dzn.output, 5698, 1199.982,
j302_8.dzn.output, 1079, 60.231,
j3029_6.dzn.output, 3180, 1199.998,
j301_3.dzn.output, 782, 0.654,
j3041_4.dzn.output, 3628, 1200.001,
j305_8.dzn.output, 819, 1199.999,
j3014_4.dzn.output, 685, 1200.000,
j3039_5.dzn.output, 366, 0.336,
j3021_2.dzn.output, 613, 261.865,
j3036_1.dzn.output, 750, 5.600,
j3025_9.dzn.output, 38965, -,
j3031_1.dzn.output, 0, 0.023,
j3026_2.dzn.output, 0, 0.019,
j309_7.dzn.output, 16305, -,
j3022_9.dzn.output, 525, 0.806,
j3043_7.dzn.output, 0, 0.021,
j3016_7.dzn.output, 0, 0.018,
j3044_7.dzn.output, 0, 0.016,
j3011_7.dzn.output, 0, 0.017,
j3029_3.dzn.output, 5865, 1200.004,
j3046_1.dzn.output, 982, 1199.999,
j3013_1.dzn.output, 6650, 1200.002,
j306_6.dzn.output, 0, 0.029,
j3041_1.dzn.output, 1535, 1199.980,
j3014_1.dzn.output, 301, 1087.312,
j301_6.dzn.output, 809, 43.996,
j3033_7.dzn.output, 1417, 0.675,
j3024_4.dzn.output, 0, 0.019,
j3019_6.dzn.output, 2, 0.013,
j3023_4.dzn.output, 574, 69.161,
j3034_7.dzn.output, 450, 1.275,
j3012_9.dzn.output, 0, 0.013,
j303_5.dzn.output, 277, 0.051,
j3047_9.dzn.output, 0, 0.026,
j3043_2.dzn.output, 0, 0.017,
j3016_2.dzn.output, 0, 0.026,
j304_5.dzn.output, 253, 1.789,
j3015_9.dzn.output, 52, 137.808,
j3040_9.dzn.output, 0, 0.021,
j3038_8.dzn.output, 137, 34.686,
j3044_2.dzn.output, 0, 0.027,
j3011_2.dzn.output, 74, 0.042,
j3036_4.dzn.output, 0, 0.016,
j3021_7.dzn.output, 308, 1200.014,
j309_2.dzn.output, 1702, 1200.001,
j3026_7.dzn.output, 250, 0.067,
j3031_4.dzn.output, 0, 0.013,
j308_7.dzn.output, 0, 0.015,
j3023_9.dzn.output, 0, 0.031,
j3027_2.dzn.output, 0, 0.025,
j3030_1.dzn.output, 426, 1200.008,
j3024_9.dzn.output, 0, 0.019,
j3037_1.dzn.output, 312, 72.258,
j3020_2.dzn.output, 324, 0.124,
j3014_10.dzn.output, 1040, 1199.981,
j3010_7.dzn.output, 40, 0.336,
j3045_7.dzn.output, 69696, -,
j301_10.dzn.output, 554, 1.829,
j3017_7.dzn.output, 1118, 26.326,
j3042_7.dzn.output, 0, 0.035,
j3022_1.dzn.output, 27, 6.843,
j3035_2.dzn.output, 153, 0.025,
j3018_3.dzn.output, 174, 0.097,
j3031_9.dzn.output, 0, 0.027,
j3029_10.dzn.output, 1766, 1199.991,
j3032_2.dzn.output, 0, 0.030,
j3025_1.dzn.output, 1641, 1200.011,
j3036_9.dzn.output, 42, 0.023,
j304_8.dzn.output, 0, 0.019,
j3015_4.dzn.output, 0, 0.011,
j3040_4.dzn.output, 0, 0.044,
j3038_5.dzn.output, 33, 2.858,
j305_10.dzn.output, 2066, 1200.014,
j3012_4.dzn.output, 0, 0.021,
j303_8.dzn.output, 0, 0.014,
j3047_4.dzn.output, 271, 17.898,
j3010_10.dzn.output, 75, 0.029,
j3028_6.dzn.output, 0, 0.025,
j307_3.dzn.output, 375, 2.149,
